,0,1,2,3,4,5,6,7,8,9,10,11,12,13,14,15,16,17,18,19,20,21,22,23,24,25,26,27,28,29,30,31,32,33,34,35,36,37,38,39,40,41,42,43,44,45,46,47,48,49,50,51,52,53,54,55,56,57,58,59,60,61,62,63,64,65,66,67,68,69,70,71,72,73,74,75,76,77,78,79,80,81,82,83,84,85,86,87,88,89,90,91
0,-1,-1,-1,-1,-1,-1,-1,-1,-1,-1,-1,-1,-1,-1,-1,-1,-1,-1,-1,-1,-1,-1,-1,-1,-1,-1,-1,4069,8123,-1,-1,-1,-1,-1,-1,-1,-1,-1,-1,-1,-1,-1,-1,-1,-1,-1,-1,-1,-1,-1,-1,-1,-1,-1,-1,-1,-1,-1,-1,-1,-1,-1,-1,-1,-1,-1,-1,-1,-1,-1,-1,-1,-1,-1,-1,-1,-1,-1,-1,-1,-1,-1,-1,-1,-1,-1,-1,-1,-1,-1,-1,-1
1,-1,-1,-1,-1,-1,-1,-1,-1,-1,-1,-1,-1,-1,-1,-1,-1,-1,-1,-1,-1,-1,-1,-1,-1,-1,-1,-1,16276,16247,32435,-1,-1,-1,-1,-1,-1,-1,-1,-1,-1,-1,-1,-1,-1,-1,-1,-1,-1,-1,-1,-1,-1,-1,-1,-1,-1,-1,-1,-1,-1,-1,-1,-1,-1,-1,-1,-1,-1,-1,-1,-1,-1,-1,-1,-1,-1,-1,-1,-1,-1,-1,-1,-1,-1,-1,-1,-1,-1,-1,-1,-1,-1
2,-1,-1,-1,-1,-1,-1,-1,-1,-1,-1,-1,-1,-1,-1,-1,-1,-1,-1,-1,-1,-1,-1,-1,-1,-1,-1,-1,4163,4167,32435,-1,-1,-1,-1,-1,-1,-1,-1,-1,-1,-1,-1,-1,-1,-1,-1,-1,-1,-1,-1,-1,-1,-1,-1,-1,-1,-1,-1,-1,-1,-1,-1,-1,-1,-1,-1,-1,-1,-1,-1,-1,-1,-1,-1,-1,-1,-1,-1,-1,-1,-1,-1,-1,-1,-1,-1,-1,-1,-1,-1,-1,-1
3,-1,-1,-1,-1,-1,-1,-1,-1,-1,-1,-1,-1,-1,-1,-1,-1,-1,-1,-1,-1,-1,-1,-1,-1,-1,-1,-1,10776,8297,8342,16173,-1,-1,-1,-1,-1,-1,-1,-1,-1,-1,-1,-1,-1,-1,-1,-1,-1,-1,-1,-1,-1,-1,-1,-1,-1,-1,-1,-1,-1,-1,-1,-1,-1,-1,-1,-1,-1,-1,-1,-1,-1,-1,-1,-1,-1,-1,-1,-1,-1,-1,-1,-1,-1,-1,-1,-1,-1,-1,-1,-1,-1
4,-1,-1,-1,-1,-1,-1,-1,-1,-1,-1,-1,-1,-1,-1,-1,-1,-1,-1,-1,-1,-1,-1,-1,-1,-1,-1,2066,10736,21512,8319,8327,-1,-1,-1,-1,-1,-1,-1,-1,-1,-1,-1,-1,-1,-1,-1,-1,-1,-1,-1,-1,-1,-1,-1,-1,-1,-1,-1,-1,-1,-1,-1,-1,-1,-1,-1,-1,-1,-1,-1,-1,-1,-1,-1,-1,-1,-1,-1,-1,-1,-1,-1,-1,-1,-1,-1,-1,-1,-1,-1,-1,-1
5,-1,-1,-1,-1,-1,-1,-1,-1,-1,-1,-1,-1,-1,-1,-1,-1,-1,-1,-1,-1,-1,-1,-1,-1,-1,-1,10706,4110,10716,8281,21592,-1,-1,-1,-1,-1,-1,-1,-1,-1,-1,-1,-1,-1,-1,-1,-1,-1,-1,-1,-1,-1,-1,-1,-1,-1,-1,-1,-1,-1,-1,-1,-1,-1,-1,-1,-1,-1,-1,-1,-1,-1,-1,-1,-1,-1,-1,-1,-1,-1,-1,-1,-1,-1,-1,-1,-1,-1,-1,-1,-1,-1
6,-1,-1,-1,-1,-1,-1,-1,-1,-1,-1,-1,-1,-1,-1,-1,-1,-1,-1,-1,-1,-1,-1,-1,-1,-1,-1,5328,4095,31728,21453,8281,15982,-1,-1,-1,-1,-1,-1,-1,-1,-1,-1,-1,-1,-1,-1,-1,-1,-1,-1,-1,-1,-1,-1,-1,-1,-1,-1,-1,-1,-1,-1,-1,-1,-1,-1,-1,-1,-1,-1,-1,-1,-1,-1,-1,-1,-1,-1,-1,-1,-1,-1,-1,-1,-1,-1,-1,-1,-1,-1,-1,-1
7,-1,-1,-1,-1,-1,-1,-1,-1,-1,-1,-1,-1,-1,-1,-1,-1,-1,-1,-1,-1,-1,-1,-1,-1,-1,-1,3954,4079,15819,21374,8243,15893,21374,-1,-1,-1,-1,-1,-1,-1,-1,-1,-1,-1,-1,-1,-1,-1,-1,-1,-1,-1,-1,-1,-1,-1,-1,-1,-1,-1,-1,-1,-1,-1,-1,-1,-1,-1,-1,-1,-1,-1,-1,-1,-1,-1,-1,-1,-1,-1,-1,-1,-1,-1,-1,-1,-1,-1,-1,-1,-1,-1
8,-1,-1,-1,-1,-1,-1,-1,-1,-1,-1,-1,-1,-1,-1,-1,-1,-1,-1,-1,-1,-1,-1,-1,-1,-1,-1,2043,15760,4076,15805,15849,31698,21334,-1,-1,-1,-1,-1,-1,-1,-1,-1,-1,-1,-1,-1,-1,-1,-1,-1,-1,-1,-1,-1,-1,-1,-1,-1,-1,-1,-1,-1,-1,-1,-1,-1,-1,-1,-1,-1,-1,-1,-1,-1,-1,-1,-1,-1,-1,-1,-1,-1,-1,-1,-1,-1,-1,-1,-1,-1,-1,-1
9,-1,-1,-1,-1,-1,-1,-1,-1,-1,-1,-1,-1,-1,-1,-1,-1,-1,-1,-1,-1,-1,-1,-1,-1,-1,-1,2661,7858,2032,15716,15716,31639,42668,-1,-1,-1,-1,-1,-1,-1,-1,-1,-1,-1,-1,-1,-1,-1,-1,-1,-1,-1,-1,-1,-1,-1,-1,-1,-1,-1,-1,-1,-1,-1,-1,-1,-1,-1,-1,-1,-1,-1,-1,-1,-1,-1,-1,-1,-1,-1,-1,-1,-1,-1,-1,-1,-1,-1,-1,-1,-1,-1
10,-1,-1,-1,-1,-1,-1,-1,-1,-1,-1,-1,-1,-1,-1,-1,-1,-1,-1,-1,-1,-1,-1,-1,-1,-1,-1,2656,7858,7836,15642,31285,63220,42668,-1,-1,-1,-1,-1,-1,-1,-1,-1,-1,-1,-1,-1,-1,-1,-1,-1,-1,-1,-1,-1,-1,-1,-1,-1,-1,-1,-1,-1,-1,-1,-1,-1,-1,-1,-1,-1,-1,-1,-1,-1,-1,-1,-1,-1,-1,-1,-1,-1,-1,-1,-1,-1,-1,-1,-1,-1,-1,-1
11,-1,-1,-1,-1,-1,-1,-1,-1,-1,-1,-1,-1,-1,-1,-1,-1,-1,-1,-1,-1,-1,-1,-1,-1,-1,-1,2651,7843,15613,15525,31226,21294,21354,-1,-1,-1,-1,-1,-1,-1,-1,-1,-1,-1,-1,-1,-1,-1,-1,-1,-1,-1,-1,-1,-1,-1,-1,-1,-1,-1,-1,-1,-1,-1,-1,-1,-1,-1,-1,-1,-1,-1,-1,-1,-1,-1,-1,-1,-1,-1,-1,-1,-1,-1,-1,-1,-1,-1,-1,-1,-1,-1
12,-1,-1,-1,-1,-1,-1,-1,-1,-1,-1,-1,-1,-1,-1,-1,-1,-1,-1,-1,-1,-1,-1,-1,-1,-1,-1,5293,7828,15451,15392,15466,31285,31698,-1,-1,-1,-1,-1,-1,-1,-1,-1,-1,-1,-1,-1,-1,-1,-1,-1,-1,-1,-1,-1,-1,-1,-1,-1,-1,-1,-1,-1,-1,-1,-1,-1,-1,-1,-1,-1,-1,-1,-1,-1,-1,-1,-1,-1,-1,-1,-1,-1,-1,-1,-1,-1,-1,-1,-1,-1,-1,-1
13,-1,-1,-1,-1,-1,-1,-1,-1,-1,-1,-1,-1,-1,-1,-1,-1,-1,-1,-1,-1,-1,-1,-1,-1,-1,7865,5279,7784,15289,15259,30607,30961,63279,63574,42867,-1,-1,-1,-1,-1,-1,-1,-1,-1,-1,-1,-1,-1,-1,-1,-1,-1,-1,-1,-1,-1,-1,-1,-1,-1,-1,-1,-1,-1,-1,-1,-1,-1,-1,-1,-1,-1,-1,-1,-1,-1,-1,-1,-1,-1,-1,-1,-1,-1,-1,-1,-1,-1,-1,-1,-1,-1
14,-1,-1,-1,-1,-1,-1,-1,-1,-1,-1,-1,-1,-1,-1,-1,-1,-1,-1,-1,-1,-1,-1,-1,-1,7865,7850,7762,3840,15126,30283,60861,61746,63279,31757,63633,-1,-1,-1,-1,-1,-1,-1,-1,-1,-1,-1,-1,-1,-1,-1,-1,-1,-1,-1,-1,-1,-1,-1,-1,-1,-1,-1,-1,-1,-1,-1,-1,-1,-1,-1,-1,-1,-1,-1,-1,-1,-1,-1,-1,-1,-1,-1,-1,-1,-1,-1,-1,-1,-1,-1,-1,-1
15,-1,-1,-1,-1,-1,-1,-1,-1,-1,-1,-1,-1,-1,-1,-1,-1,-1,-1,-1,-1,-1,-1,-1,-1,3914,7806,15318,15156,30194,60507,61333,62571,125733,42787,21413,-1,-1,-1,-1,-1,-1,-1,-1,-1,-1,-1,-1,-1,-1,-1,-1,-1,-1,-1,-1,-1,-1,-1,-1,-1,-1,-1,-1,-1,-1,-1,-1,-1,-1,-1,-1,-1,-1,-1,-1,-1,-1,-1,-1,-1,-1,-1,-1,-1,-1,-1,-1,-1,-1,-1,-1,-1
16,-1,-1,-1,-1,-1,-1,-1,-1,-1,-1,-1,-1,-1,-1,-1,-1,-1,-1,-1,-1,-1,-1,-1,-1,7828,3903,7578,15097,30253,61274,123728,125615,31551,21354,10687,15893,31846,-1,-1,-1,-1,-1,-1,-1,-1,-1,-1,-1,-1,-1,-1,-1,-1,-1,-1,-1,-1,-1,-1,-1,-1,-1,-1,-1,-1,-1,-1,-1,-1,-1,-1,-1,-1,-1,-1,-1,-1,-1,-1,-1,-1,-1,-1,-1,-1,-1,-1,-1,-1,-1,-1,-1
17,-1,-1,-1,-1,-1,-1,-1,-1,-1,-1,-1,-1,-1,-1,-1,-1,-1,-1,-1,-1,-1,-1,-1,7828,7799,3870,15156,30106,60743,61333,62100,31285,31403,31610,21275,15819,31728,-1,-1,-1,-1,-1,-1,-1,-1,-1,-1,-1,-1,-1,-1,-1,-1,-1,-1,-1,-1,-1,-1,-1,-1,-1,-1,-1,-1,-1,-1,-1,-1,-1,-1,-1,-1,-1,-1,-1,-1,-1,-1,-1,-1,-1,-1,-1,-1,-1,-1,-1,-1,-1,-1,-1
18,-1,-1,-1,-1,-1,-1,-1,-1,-1,-1,-1,-1,-1,-1,-1,-1,-1,-1,-1,-1,-1,-1,7806,7799,7755,3848,15038,30106,60743,61333,61746,62041,62394,62689,62984,62984,63338,63633,-1,-1,-1,-1,-1,-1,-1,-1,-1,-1,-1,-1,-1,-1,-1,-1,-1,-1,-1,-1,-1,-1,-1,-1,-1,-1,-1,-1,-1,-1,-1,-1,-1,-1,-1,-1,-1,-1,-1,-1,-1,-1,-1,-1,-1,-1,-1,-1,-1,-1,-1,-1,-1,-1
19,-1,-1,-1,-1,-1,-1,-1,-1,-1,-1,-1,-1,-1,-1,-1,-1,-1,-1,-1,-1,-1,7806,7777,7747,7710,3825,14905,30017,30371,61333,61628,62276,125497,125969,126323,253354,127148,-1,-1,-1,-1,-1,-1,-1,-1,-1,-1,-1,-1,-1,-1,-1,-1,-1,-1,-1,-1,-1,-1,-1,-1,-1,-1,-1,-1,-1,-1,-1,-1,-1,-1,-1,-1,-1,-1,-1,-1,-1,-1,-1,-1,-1,-1,-1,-1,-1,-1,-1,-1,-1,-1,-1
20,-1,-1,-1,-1,-1,-1,-1,-1,-1,-1,-1,-1,-1,-1,-1,-1,-1,-1,-1,-1,-1,7755,7710,15318,7622,3792,14817,29782,60625,61215,61628,62276,63397,127030,254769,127502,33066,-1,-1,-1,-1,-1,-1,-1,-1,-1,-1,-1,-1,-1,-1,-1,-1,-1,-1,-1,-1,-1,-1,-1,-1,-1,-1,-1,-1,-1,-1,-1,-1,-1,-1,-1,-1,-1,-1,-1,-1,-1,-1,-1,-1,-1,-1,-1,-1,-1,-1,-1,-1,-1,-1,-1
21,-1,-1,-1,-1,-1,-1,-1,-1,-1,-1,-1,-1,-1,-1,-1,-1,-1,-1,-1,-1,7718,7666,7629,7570,7541,3748,14743,59682,60448,61156,62159,125851,126794,31757,16502,33035,-1,-1,-1,-1,-1,-1,-1,-1,-1,-1,-1,-1,-1,-1,-1,-1,-1,-1,-1,-1,-1,-1,-1,-1,-1,-1,-1,-1,-1,-1,-1,-1,-1,-1,-1,-1,-1,-1,-1,-1,-1,-1,-1,-1,-1,-1,-1,-1,-1,-1,-1,-1,-1,-1,-1,-1
22,-1,-1,-1,-1,-1,-1,-1,-1,-1,-1,-1,-1,-1,-1,-1,-1,-1,-1,-1,-1,7674,7607,7578,7526,7467,14817,14699,59623,60507,61451,62276,62984,31669,8236,8251,8258,-1,-1,-1,-1,-1,-1,-1,-1,-1,-1,-1,-1,-1,-1,-1,-1,-1,-1,-1,-1,-1,-1,-1,-1,-1,-1,-1,-1,-1,-1,-1,-1,-1,-1,-1,-1,-1,-1,-1,-1,-1,-1,-1,-1,-1,-1,-1,-1,-1,-1,-1,-1,-1,-1,-1,-1
23,-1,-1,-1,-1,-1,-1,-1,-1,-1,-1,-1,-1,-1,-1,-1,-1,-1,-1,-1,1005,7637,7578,7526,7460,14817,14699,29310,59505,60448,61510,62453,31403,31521,31728,8243,8251,-1,-1,-1,-1,-1,-1,-1,-1,-1,-1,-1,-1,-1,-1,-1,-1,-1,-1,-1,-1,-1,-1,-1,-1,-1,-1,-1,-1,-1,-1,-1,-1,-1,-1,-1,-1,-1,-1,-1,-1,-1,-1,-1,-1,-1,-1,-1,-1,-1,-1,-1,-1,-1,-1,-1,-1
24,-1,-1,-1,-1,-1,-1,-1,-1,-1,-1,-1,-1,-1,-1,-1,-1,-1,-1,-1,1994,7651,7548,7489,14832,14699,14596,58679,59917,121133,61628,15569,15642,15687,31521,31698,31846,-1,-1,-1,-1,-1,-1,-1,-1,-1,-1,-1,-1,-1,-1,-1,-1,-1,-1,-1,-1,-1,-1,-1,-1,-1,-1,-1,-1,-1,-1,-1,-1,-1,-1,-1,-1,-1,-1,-1,-1,-1,-1,-1,-1,-1,-1,-1,-1,-1,-1,-1,-1,-1,-1,-1,-1
25,-1,-1,-1,-1,-1,-1,-1,-1,-1,-1,-1,-1,-1,-1,-1,-1,-1,-1,-1,3825,3807,7504,3715,14699,14581,14566,58738,59564,60625,15215,15259,15289,30696,30961,62748,31610,-1,-1,-1,-1,-1,-1,-1,-1,-1,-1,-1,-1,-1,-1,-1,-1,-1,-1,-1,-1,-1,-1,-1,-1,-1,-1,-1,-1,-1,-1,-1,-1,-1,-1,-1,-1,-1,-1,-1,-1,-1,-1,-1,-1,-1,-1,-1,-1,-1,-1,-1,-1,-1,-1,-1,-1
26,-1,-1,-1,-1,-1,-1,-1,-1,-1,-1,-1,-1,-1,-1,-1,-1,-1,-1,-1,3822,486892,3770,3693,14596,14551,9804,58974,118774,60330,30224,30283,30342,61097,61687,62394,62984,7858,15598,7769,-1,-1,-1,-1,-1,-1,-1,-1,-1,-1,-1,-1,-1,-1,-1,-1,-1,-1,-1,-1,-1,-1,-1,-1,-1,-1,-1,-1,-1,-1,-1,-1,-1,-1,-1,-1,-1,-1,-1,-1,-1,-1,-1,-1,-1,-1,-1,-1,-1,-1,-1,-1,-1
27,-1,-1,-1,-1,-1,-1,-1,-1,-1,-1,-1,-1,-1,-1,-1,-1,-1,-1,-1,3807,3800,3770,3671,14507,9695,14566,58915,29634,29811,30017,60330,60684,61156,61687,62335,31315,7799,7747,15466,7710,7674,-1,-1,-1,-1,-1,-1,-1,-1,-1,-1,-1,-1,-1,-1,-1,-1,-1,-1,-1,-1,-1,-1,-1,-1,-1,-1,-1,-1,-1,-1,-1,-1,-1,-1,-1,-1,-1,-1,-1,-1,-1,-1,-1,-1,-1,-1,-1,-1,-1,-1,-1
28,-1,-1,-1,-1,-1,-1,-1,-1,-1,-1,-1,-1,-1,-1,-1,-1,-1,-1,-1,1971,7607,3781,3674,9755,14478,14551,58738,59033,59328,59917,60212,60625,61097,61510,62159,62571,7814,15392,15318,7651,7615,15082,-1,-1,-1,-1,-1,-1,-1,-1,-1,-1,-1,-1,-1,-1,-1,-1,-1,-1,-1,-1,-1,-1,-1,-1,-1,-1,-1,-1,-1,-1,-1,-1,-1,-1,-1,-1,-1,-1,-1,-1,-1,-1,-1,-1,-1,-1,-1,-1,-1,-1
29,-1,-1,-1,-1,-1,-1,-1,-1,-1,-1,-1,-1,-1,-1,-1,-1,-1,-1,-1,985,3778,3755,3682,14610,9784,29015,59033,119128,119718,120307,120543,60625,60979,61569,31020,31226,3907,7622,7600,7578,7541,14920,14950,30076,-1,-1,-1,-1,-1,-1,-1,-1,-1,-1,-1,-1,-1,-1,-1,-1,-1,-1,-1,-1,-1,-1,-1,-1,-1,-1,-1,-1,-1,-1,-1,-1,-1,-1,-1,-1,-1,-1,-1,-1,-1,-1,-1,-1,-1,-1,-1,-1
30,-1,-1,-1,-1,-1,-1,-1,-1,-1,-1,-1,-1,-1,-1,-1,-1,-1,-1,-1,7578,7556,480759,3704,9854,19589,58207,58915,60094,242738,121605,243682,122194,15303,30666,30932,31138,3895,7615,7570,7526,7452,14832,14846,14935,-1,-1,-1,-1,-1,-1,-1,-1,-1,-1,-1,-1,-1,-1,-1,-1,-1,-1,-1,-1,-1,-1,-1,-1,-1,-1,-1,-1,-1,-1,-1,-1,-1,-1,-1,-1,-1,-1,-1,-1,-1,-1,-1,-1,-1,-1,-1,-1
31,-1,-1,-1,-1,-1,-1,-1,-1,-1,-1,-1,-1,-1,-1,-1,-1,-1,-1,-1,3789,7519,7475,14817,19708,39575,236605,238964,121133,122194,7674,7622,15141,15171,30548,30725,15466,7703,7637,7533,7467,7386,14699,14684,29457,-1,-1,-1,-1,-1,-1,-1,-1,-1,-1,-1,-1,-1,-1,-1,-1,-1,-1,-1,-1,-1,-1,-1,-1,-1,-1,-1,-1,-1,-1,-1,-1,-1,-1,-1,-1,-1,-1,-1,-1,-1,-1,-1,-1,-1,-1,-1,-1
32,-1,-1,-1,-1,-1,-1,-1,-1,-1,-1,-1,-1,-1,-1,-1,-1,-1,-1,-1,7592,3763,3704,7305,14669,19787,29605,60153,121251,15171,15244,7563,7526,15067,15141,15259,15303,15274,7563,7475,7416,7342,14581,14566,29251,-1,-1,-1,-1,-1,-1,-1,-1,-1,-1,-1,-1,-1,-1,-1,-1,-1,-1,-1,-1,-1,-1,-1,-1,-1,-1,-1,-1,-1,-1,-1,-1,-1,-1,-1,-1,-1,-1,-1,-1,-1,-1,-1,-1,-1,-1,-1,-1
33,-1,-1,-1,-1,-1,-1,-1,-1,-1,-1,-1,-1,-1,-1,-1,-1,-1,-1,-1,3789,3744,3696,7290,7253,14581,29605,30017,7519,15038,15067,15067,7504,14979,14964,14964,15038,15023,14950,7408,3685,3645,14537,29044,58738,-1,-1,-1,-1,-1,-1,-1,-1,-1,-1,-1,-1,-1,-1,-1,-1,-1,-1,-1,-1,-1,-1,-1,-1,-1,-1,-1,-1,-1,-1,-1,-1,-1,-1,-1,-1,-1,-1,-1,-1,-1,-1,-1,-1,-1,-1,-1,-1
34,-1,-1,-1,-1,-1,-1,-1,-1,-1,-1,-1,-1,-1,-1,-1,-1,-1,-1,-1,3796,3759,3711,7283,14227,14006,57146,60035,3759,3726,7438,14891,14846,14728,14684,14743,14714,14714,14758,14714,14640,29133,29044,58502,118656,-1,-1,-1,-1,-1,-1,-1,-1,-1,-1,-1,-1,-1,-1,-1,-1,-1,-1,-1,-1,-1,-1,-1,-1,-1,-1,-1,-1,-1,-1,-1,-1,-1,-1,-1,-1,-1,-1,-1,-1,-1,-1,-1,-1,-1,-1,-1,-1
35,-1,-1,-1,-1,-1,-1,-1,-1,-1,-1,-1,-1,-1,-1,-1,-1,-1,-1,-1,3825,3763,3704,3626,7025,13814,57323,59564,14964,14905,3719,3645,7231,14375,14404,14463,28926,29015,14551,14522,14522,29074,58325,59151,119600,-1,-1,-1,-1,-1,-1,-1,-1,-1,-1,-1,-1,-1,-1,-1,-1,-1,-1,-1,-1,-1,-1,-1,-1,-1,-1,-1,-1,-1,-1,-1,-1,-1,-1,-1,-1,-1,-1,-1,-1,-1,-1,-1,-1,-1,-1,-1,-1
36,-1,-1,-1,-1,-1,-1,-1,-1,-1,-1,-1,-1,-1,-1,-1,-1,-1,-1,-1,493497,486420,3733,3649,227169,13917,57028,58856,14743,14728,14684,14581,3615,3553,14168,56851,57146,28720,57617,57323,57735,58266,58915,119128,119953,120779,-1,-1,-1,-1,-1,-1,-1,-1,-1,-1,-1,-1,-1,-1,-1,-1,-1,-1,-1,-1,-1,-1,-1,-1,-1,-1,-1,-1,-1,-1,-1,-1,-1,-1,-1,-1,-1,-1,-1,-1,-1,-1,-1,-1,-1,-1,-1
37,-1,-1,-1,-1,-1,-1,-1,-1,-1,-1,-1,-1,-1,-1,-1,-1,-1,-1,-1,493969,3822,3726,3656,7113,14065,14094,28750,14448,14522,14448,14360,14271,28425,28366,56792,56969,57441,57853,230943,58089,117359,118656,119364,119835,60448,-1,-1,-1,-1,-1,-1,-1,-1,-1,-1,-1,-1,-1,-1,-1,-1,-1,-1,-1,-1,-1,-1,-1,-1,-1,-1,-1,-1,-1,-1,-1,-1,-1,-1,-1,-1,-1,-1,-1,-1,-1,-1,-1,-1,-1,-1,-1
38,-1,-1,-1,-1,-1,-1,-1,-1,-1,-1,-1,-1,-1,-1,-1,-1,-1,-1,-1,7637,3800,3715,3649,3542,6951,13858,56674,14227,14242,14168,14065,14094,28307,56733,56792,57559,116887,235425,236605,236133,119010,118892,59800,60094,60566,-1,-1,-1,-1,-1,-1,-1,-1,-1,-1,-1,-1,-1,-1,-1,-1,-1,-1,-1,-1,-1,-1,-1,-1,-1,-1,-1,-1,-1,-1,-1,-1,-1,-1,-1,-1,-1,-1,-1,-1,-1,-1,-1,-1,-1,-1,-1
39,-1,-1,-1,-1,-1,-1,-1,-1,-1,-1,-1,-1,-1,-1,-1,-1,-1,-1,-1,-1,3744,3693,3656,3560,3472,6885,13976,13991,13962,27865,27924,13991,56910,228820,229056,115118,58443,59859,239671,240615,119835,239436,120425,120779,121133,-1,-1,-1,-1,-1,-1,-1,-1,-1,-1,-1,-1,-1,-1,-1,-1,-1,-1,-1,-1,-1,-1,-1,-1,-1,-1,-1,-1,-1,-1,-1,-1,-1,-1,-1,-1,-1,-1,-1,-1,-1,-1,-1,-1,-1,-1,-1
40,-1,-1,-1,-1,-1,-1,-1,-1,-1,-1,-1,-1,-1,-1,-1,-1,-1,-1,-1,-1,479815,475569,3693,3593,3483,6907,13755,27570,27600,27717,27865,27806,57146,58738,234246,234718,118302,119718,59917,60920,241087,241087,121133,121369,121605,-1,-1,-1,-1,-1,-1,-1,-1,-1,-1,-1,-1,-1,-1,-1,-1,-1,-1,-1,-1,-1,-1,-1,-1,-1,-1,-1,-1,-1,-1,-1,-1,-1,-1,-1,-1,-1,-1,-1,-1,-1,-1,-1,-1,-1,-1,-1
41,-1,-1,-1,-1,-1,-1,-1,-1,-1,-1,-1,-1,-1,-1,-1,-1,-1,-1,-1,-1,484061,241323,3730,460943,3520,3468,13637,27423,27511,55259,55494,57441,118302,120661,240615,238492,119600,120779,242974,121841,242974,242974,122194,244625,245805,-1,-1,-1,-1,-1,-1,-1,-1,-1,-1,-1,-1,-1,-1,-1,-1,-1,-1,-1,-1,-1,-1,-1,-1,-1,-1,-1,-1,-1,-1,-1,-1,-1,-1,-1,-1,-1,-1,-1,-1,-1,-1,-1,-1,-1,-1,-1
42,-1,-1,-1,-1,-1,-1,-1,-1,-1,-1,-1,-1,-1,-1,-1,-1,-1,-1,-1,-1,244154,486420,3759,3593,452923,3508,13578,27334,55200,55789,228820,118656,119600,122312,486420,243682,245805,247692,246984,246748,245569,242974,61097,62100,-1,-1,-1,-1,-1,-1,-1,-1,-1,-1,-1,-1,-1,-1,-1,-1,-1,-1,-1,-1,-1,-1,-1,-1,-1,-1,-1,-1,-1,-1,-1,-1,-1,-1,-1,-1,-1,-1,-1,-1,-1,-1,-1,-1,-1,-1,-1,-1
43,-1,-1,-1,-1,-1,-1,-1,-1,-1,-1,-1,-1,-1,-1,-1,-1,-1,-1,-1,-1,3829,7615,481702,3660,7099,3531,13534,54728,27747,28042,28219,59092,30224,122666,245805,246512,123846,124318,249107,250051,499159,245805,123610,124200,-1,-1,-1,-1,-1,-1,-1,-1,-1,-1,-1,-1,-1,-1,-1,-1,-1,-1,-1,-1,-1,-1,-1,-1,-1,-1,-1,-1,-1,-1,-1,-1,-1,-1,-1,-1,-1,-1,-1,-1,-1,-1,-1,-1,-1,-1,-1,-1
44,-1,-1,-1,-1,-1,-1,-1,-1,-1,-1,-1,-1,-1,-1,-1,-1,-1,-1,-1,-1,-1,3803,478400,472266,7216,3494,6767,13564,27334,27776,28219,58384,60271,30283,30637,30696,30784,30902,31079,62925,502933,250287,125025,-1,-1,-1,-1,-1,-1,-1,-1,-1,-1,-1,-1,-1,-1,-1,-1,-1,-1,-1,-1,-1,-1,-1,-1,-1,-1,-1,-1,-1,-1,-1,-1,-1,-1,-1,-1,-1,-1,-1,-1,-1,-1,-1,-1,-1,-1,-1,-1,-1
45,-1,-1,-1,-1,-1,-1,-1,-1,-1,-1,-1,-1,-1,-1,-1,-1,-1,-1,-1,-1,-1,3792,3741,7386,3656,3446,3354,13328,53843,54669,55848,58089,29575,29929,30165,30460,15303,30696,62276,15657,31521,252882,252410,-1,-1,-1,-1,-1,-1,-1,-1,-1,-1,-1,-1,-1,-1,-1,-1,-1,-1,-1,-1,-1,-1,-1,-1,-1,-1,-1,-1,-1,-1,-1,-1,-1,-1,-1,-1,-1,-1,-1,-1,-1,-1,-1,-1,-1,-1,-1,-1,-1
46,-1,-1,-1,-1,-1,-1,-1,-1,-1,-1,-1,-1,-1,-1,-1,-1,-1,-1,-1,-1,-1,3792,3741,3685,3527,6782,13372,13298,53725,54964,27953,14316,29162,29546,29988,30371,60743,61746,124318,7755,15583,31374,31551,-1,-1,-1,-1,-1,-1,-1,-1,-1,-1,-1,-1,-1,-1,-1,-1,-1,-1,-1,-1,-1,-1,-1,-1,-1,-1,-1,-1,-1,-1,-1,-1,-1,-1,-1,-1,-1,-1,-1,-1,-1,-1,-1,-1,-1,-1,-1,-1,-1
47,-1,-1,-1,-1,-1,-1,-1,-1,-1,-1,-1,-1,-1,-1,-1,-1,-1,-1,-1,-1,-1,3789,3748,3671,450092,3427,13269,26508,53902,27246,13755,27717,56792,28956,29280,60743,30873,124789,15628,7755,15451,15569,15672,-1,-1,-1,-1,-1,-1,-1,-1,-1,-1,-1,-1,-1,-1,-1,-1,-1,-1,-1,-1,-1,-1,-1,-1,-1,-1,-1,-1,-1,-1,-1,-1,-1,-1,-1,-1,-1,-1,-1,-1,-1,-1,-1,-1,-1,-1,-1,-1,-1
48,-1,-1,-1,-1,-1,-1,-1,-1,-1,-1,-1,-1,-1,-1,-1,-1,-1,-1,-1,-1,-1,3789,3748,3660,3486,3391,13121,13180,53548,27128,27216,54905,55848,57205,58974,30106,30401,15318,15407,30814,7666,15392,15436,31108,-1,-1,-1,-1,-1,-1,-1,-1,-1,-1,-1,-1,-1,-1,-1,-1,-1,-1,-1,-1,-1,-1,-1,-1,-1,-1,-1,-1,-1,-1,-1,-1,-1,-1,-1,-1,-1,-1,-1,-1,-1,-1,-1,-1,-1,-1,-1,-1
49,-1,-1,-1,-1,-1,-1,-1,-1,-1,-1,-1,-1,-1,-1,-1,-1,-1,-1,-1,-1,-1,7548,3741,3660,3486,3361,13107,13107,53076,54020,54433,55023,55789,57146,29044,29811,30076,15082,15141,30460,30460,15185,30401,61569,62100,-1,-1,-1,-1,-1,-1,-1,-1,-1,-1,-1,-1,-1,-1,-1,-1,-1,-1,-1,-1,-1,-1,-1,-1,-1,-1,-1,-1,-1,-1,-1,-1,-1,-1,-1,-1,-1,-1,-1,-1,-1,-1,-1,-1,-1,-1,-1
50,-1,-1,-1,-1,-1,-1,-1,-1,-1,-1,-1,-1,-1,-1,-1,-1,-1,-1,-1,-1,3800,3778,7445,3674,3475,3361,13062,13062,53135,53902,54374,54787,13814,28012,28396,58915,14832,14846,14876,30076,30283,30135,15126,30873,31226,-1,-1,-1,-1,-1,-1,-1,-1,-1,-1,-1,-1,-1,-1,-1,-1,-1,-1,-1,-1,-1,-1,-1,-1,-1,-1,-1,-1,-1,-1,-1,-1,-1,-1,-1,-1,-1,-1,-1,-1,-1,-1,-1,-1,-1,-1,-1
51,-1,-1,-1,-1,-1,-1,-1,-1,-1,-1,-1,-1,-1,-1,-1,-1,-1,-1,-1,-1,3800,7556,3704,3516,6796,3343,13062,26125,53312,54020,54315,13608,13652,55435,28278,28661,14448,29044,29221,59269,14920,14964,29958,30283,62335,-1,-1,-1,-1,-1,-1,-1,-1,-1,-1,-1,-1,-1,-1,-1,-1,-1,-1,-1,-1,-1,-1,-1,-1,-1,-1,-1,-1,-1,-1,-1,-1,-1,-1,-1,-1,-1,-1,-1,-1,-1,-1,-1,-1,-1,-1,-1
52,-1,-1,-1,-1,-1,-1,-1,-1,-1,-1,-1,-1,-1,-1,-1,-1,-1,-1,-1,-1,3796,7556,3634,3450,3376,3317,12944,26066,53312,26951,54138,13549,27157,54905,13947,14094,28219,28514,29103,29369,29457,29457,29752,60271,61687,-1,-1,-1,-1,-1,-1,-1,-1,-1,-1,-1,-1,-1,-1,-1,-1,-1,-1,-1,-1,-1,-1,-1,-1,-1,-1,-1,-1,-1,-1,-1,-1,-1,-1,-1,-1,-1,-1,-1,-1,-1,-1,-1,-1,-1,-1,-1
53,-1,-1,-1,-1,-1,-1,-1,-1,-1,-1,-1,-1,-1,-1,-1,-1,-1,-1,-1,-1,7570,3778,7113,3450,3354,3295,12826,51661,52487,13940,18201,6962,54079,13637,13696,27511,27806,28219,28632,14478,14551,29280,29723,30106,30401,30696,-1,-1,-1,-1,-1,-1,-1,-1,-1,-1,-1,-1,-1,-1,-1,-1,-1,-1,-1,-1,-1,-1,-1,-1,-1,-1,-1,-1,-1,-1,-1,-1,-1,-1,-1,-1,-1,-1,-1,-1,-1,-1,-1,-1,-1,-1
54,-1,-1,-1,-1,-1,-1,-1,-1,-1,-1,-1,-1,-1,-1,-1,-1,-1,-1,-1,-1,15008,3733,3520,3394,3346,3276,12826,25712,52074,13848,6962,18102,18181,26951,54138,54433,27452,55789,28189,28366,57146,57676,59092,29811,60094,60743,61687,-1,-1,-1,-1,-1,-1,-1,-1,-1,-1,-1,-1,-1,-1,-1,-1,-1,-1,-1,-1,-1,-1,-1,-1,-1,-1,-1,-1,-1,-1,-1,-1,-1,-1,-1,-1,-1,-1,-1,-1,-1,-1,-1,-1,-1
55,-1,-1,-1,-1,-1,-1,-1,-1,-1,-1,-1,-1,-1,-1,-1,-1,-1,-1,-1,7467,7416,3693,3490,3391,3346,3284,6428,12885,6703,13665,6878,17963,9021,9061,18201,27069,14108,55376,28012,28337,28602,14492,14669,29900,30135,30312,61156,-1,-1,-1,-1,-1,-1,-1,-1,-1,-1,-1,-1,-1,-1,-1,-1,-1,-1,-1,-1,-1,-1,-1,-1,-1,-1,-1,-1,-1,-1,-1,-1,-1,-1,-1,-1,-1,-1,-1,-1,-1,-1,-1,-1,-1
56,-1,-1,-1,-1,-1,-1,-1,-1,-1,-1,-1,-1,-1,-1,-1,-1,-1,-1,-1,7423,7379,467549,3579,6774,3335,3262,6442,12841,3336,3370,17646,17765,17785,17864,18023,18201,18340,27393,27717,56202,28425,57146,57382,59328,60094,60566,60802,61510,-1,-1,-1,-1,-1,-1,-1,-1,-1,-1,-1,-1,-1,-1,-1,-1,-1,-1,-1,-1,-1,-1,-1,-1,-1,-1,-1,-1,-1,-1,-1,-1,-1,-1,-1,-1,-1,-1,-1,-1,-1,-1,-1,-1
57,-1,-1,-1,-1,-1,-1,-1,-1,-1,-1,-1,-1,-1,-1,-1,-1,-1,-1,3726,3715,3678,3623,3575,3391,285200,3280,3214,6391,3302,3317,6733,6764,6787,17725,17884,6932,36324,14062,55317,55789,56792,29339,239671,119600,119835,60507,60743,61097,61746,-1,-1,-1,-1,-1,-1,-1,-1,-1,-1,-1,-1,-1,-1,-1,-1,-1,-1,-1,-1,-1,-1,-1,-1,-1,-1,-1,-1,-1,-1,-1,-1,-1,-1,-1,-1,-1,-1,-1,-1,-1,-1,-1
58,-1,-1,-1,-1,-1,-1,-1,-1,-1,-1,-1,-1,-1,-1,-1,-1,-1,-1,480287,476984,473682,3663,3593,3383,425087,2218,6442,6376,12679,3286,6680,6718,13513,13574,13681,13833,13955,54315,55317,55789,27894,57146,59682,60448,242502,121841,122194,122312,61333,-1,-1,-1,-1,-1,-1,-1,-1,-1,-1,-1,-1,-1,-1,-1,-1,-1,-1,-1,-1,-1,-1,-1,-1,-1,-1,-1,-1,-1,-1,-1,-1,-1,-1,-1,-1,-1,-1,-1,-1,-1,-1,-1
59,-1,-1,-1,-1,-1,-1,-1,-1,-1,-1,-1,-1,-1,-1,-1,-1,-1,-1,487364,483118,7475,7305,924,3438,3339,2225,3228,6347,12605,25241,13269,6710,13528,13589,35689,36086,54197,109456,110871,111343,55789,57146,60448,122666,246512,248636,247928,246277,123374,123846,-1,-1,-1,-1,-1,-1,-1,-1,-1,-1,-1,-1,-1,-1,-1,-1,-1,-1,-1,-1,-1,-1,-1,-1,-1,-1,-1,-1,-1,-1,-1,-1,-1,-1,-1,-1,-1,-1,-1,-1,-1,-1
60,-1,-1,-1,-1,-1,-1,-1,-1,-1,-1,-1,-1,-1,-1,-1,-1,-1,-1,7637,7563,7445,3604,901,3427,6708,2220,6413,6310,12532,25123,6543,13406,13543,13650,27545,13894,54079,54551,55553,27894,56202,113820,60448,61333,61805,124318,497743,248871,248636,124671,-1,-1,-1,-1,-1,-1,-1,-1,-1,-1,-1,-1,-1,-1,-1,-1,-1,-1,-1,-1,-1,-1,-1,-1,-1,-1,-1,-1,-1,-1,-1,-1,-1,-1,-1,-1,-1,-1,-1,-1,-1,-1
61,-1,-1,-1,-1,-1,-1,-1,-1,-1,-1,-1,-1,-1,-1,-1,-1,-1,-1,7570,7504,7379,917,892,6841,1727,2205,4272,12532,12473,25005,50246,13391,13543,35689,27667,27850,54138,54551,55141,56084,112877,58974,121015,30578,30902,31079,30902,62159,15569,31285,-1,-1,-1,-1,-1,-1,-1,-1,-1,-1,-1,-1,-1,-1,-1,-1,-1,-1,-1,-1,-1,-1,-1,-1,-1,-1,-1,-1,-1,-1,-1,-1,-1,-1,-1,-1,-1,-1,-1,-1,-1,-1
62,-1,-1,-1,-1,-1,-1,-1,-1,-1,-1,-1,-1,-1,-1,-1,-1,3781,3752,7497,7379,3560,1794,1780,2292,2218,2185,4243,12428,12414,24975,50423,13360,6779,35610,13864,13986,108748,109102,54964,56438,114528,116415,59623,60448,30578,30814,30902,31079,7725,15510,-1,-1,-1,-1,-1,-1,-1,-1,-1,-1,-1,-1,-1,-1,-1,-1,-1,-1,-1,-1,-1,-1,-1,-1,-1,-1,-1,-1,-1,-1,-1,-1,-1,-1,-1,-1,-1,-1,-1,-1,-1,-1
63,-1,-1,-1,-1,-1,-1,-1,-1,-1,-1,-1,-1,-1,-1,-1,7570,15038,7504,3748,3564,1801,1782,1765,9090,860,836,809,12325,12310,24887,25182,13208,13528,35610,53489,13986,27187,54610,54846,59033,118302,118774,119482,60153,60802,61215,61392,61628,15451,3837,-1,-1,-1,-1,-1,-1,-1,-1,-1,-1,-1,-1,-1,-1,-1,-1,-1,-1,-1,-1,-1,-1,-1,-1,-1,-1,-1,-1,-1,-1,-1,-1,-1,-1,-1,-1,-1,-1,-1,-1,-1,-1
64,-1,-1,-1,-1,-1,-1,-1,-1,-1,-1,-1,-1,-1,-1,-1,15023,14891,7430,7334,3564,900,885,2257,4436,847,832,3121,12266,24503,49420,50246,13238,13528,35570,35848,13925,54433,54787,110282,57205,60507,242030,121133,121487,122902,123728,123374,122548,61274,491138,61923,-1,-1,-1,-1,-1,-1,-1,-1,-1,-1,-1,-1,-1,-1,-1,-1,-1,-1,-1,-1,-1,-1,-1,-1,-1,-1,-1,-1,-1,-1,-1,-1,-1,-1,-1,-1,-1,-1,-1,-1,-1
65,-1,-1,-1,-1,-1,-1,-1,-1,-1,-1,-1,-1,-1,-1,3744,7423,7401,7401,3590,3508,1790,1771,2257,1694,840,829,3107,12207,48948,49479,50482,13345,27118,35650,36046,14062,109338,109810,56084,59387,30637,245805,245333,246748,124553,125143,250523,250287,247692,246512,123610,-1,-1,-1,-1,-1,-1,-1,-1,-1,-1,-1,-1,-1,-1,-1,-1,-1,-1,-1,-1,-1,-1,-1,-1,-1,-1,-1,-1,-1,-1,-1,-1,-1,-1,-1,-1,-1,-1,-1,-1,-1
66,-1,-1,-1,-1,-1,-1,-1,-1,-1,-1,-1,-1,-1,7519,7482,7408,7379,7349,7069,6973,3565,876,859,847,834,827,12325,24444,49184,99430,50600,13360,35491,17924,14001,109220,109810,110400,111697,56438,60920,30696,30814,123846,124318,15657,15760,505292,250995,249815,251466,125851,-1,-1,-1,-1,-1,-1,-1,-1,-1,-1,-1,-1,-1,-1,-1,-1,-1,-1,-1,-1,-1,-1,-1,-1,-1,-1,-1,-1,-1,-1,-1,-1,-1,-1,-1,-1,-1,-1,-1,-1
67,-1,-1,-1,-1,-1,-1,-1,-1,-1,-1,-1,-1,-1,7504,7460,7357,7283,14375,6907,3530,1744,1738,856,6531,6450,3199,12148,48948,24710,50010,13192,26721,35055,13864,7008,27275,27511,55671,111697,55966,57912,61038,30755,30902,30932,15480,15554,15628,31344,31551,126794,254061,-1,-1,-1,-1,-1,-1,-1,-1,-1,-1,-1,-1,-1,-1,-1,-1,-1,-1,-1,-1,-1,-1,-1,-1,-1,-1,-1,-1,-1,-1,-1,-1,-1,-1,-1,-1,-1,-1,-1,-1
68,-1,-1,-1,-1,-1,-1,-1,-1,-1,-1,-1,-1,7475,7445,7357,7209,14183,3450,6782,6715,1727,1715,1698,840,6406,3158,12148,24297,49479,50364,102143,13360,35015,13726,13894,27128,55023,55730,27924,27924,57323,60802,30637,30755,61687,15407,15407,61864,31079,62984,63397,31787,-1,-1,-1,-1,-1,-1,-1,-1,-1,-1,-1,-1,-1,-1,-1,-1,-1,-1,-1,-1,-1,-1,-1,-1,-1,-1,-1,-1,-1,-1,-1,-1,-1,-1,-1,-1,-1,-1,-1,-1
69,-1,-1,-1,-1,-1,-1,-1,-1,-1,-1,-1,7452,7430,7357,7165,3520,6900,3413,6767,1729,1717,3393,1685,1673,6391,3140,12075,24297,49479,50187,13177,13360,13437,13665,6901,13955,27393,27747,27924,27983,56438,60507,30548,30725,61687,15377,30637,61451,61982,62984,31580,31698,-1,-1,-1,-1,-1,-1,-1,-1,-1,-1,-1,-1,-1,-1,-1,-1,-1,-1,-1,-1,-1,-1,-1,-1,-1,-1,-1,-1,-1,-1,-1,-1,-1,-1,-1,-1,-1,-1,-1,-1
70,-1,-1,-1,-1,-1,-1,-1,-1,-1,-1,-1,7452,7371,3615,7084,6951,6848,6774,1744,1712,1698,3355,1672,1662,6332,3114,11971,48300,49479,50187,13177,13330,13421,13513,35729,6924,14047,27511,27806,28012,28042,59269,30165,30755,30961,30814,61687,247220,124200,15642,31403,31521,-1,-1,-1,-1,-1,-1,-1,-1,-1,-1,-1,-1,-1,-1,-1,-1,-1,-1,-1,-1,-1,-1,-1,-1,-1,-1,-1,-1,-1,-1,-1,-1,-1,-1,-1,-1,-1,-1,-1,-1
71,-1,-1,-1,-1,-1,-1,-1,-1,-1,-1,-1,7401,7246,7113,7025,6877,6782,6708,859,1689,1675,3324,1660,6369,6251,3055,11957,48830,99076,50187,13147,13330,13437,13513,35570,3443,18062,7054,27658,27953,28130,28189,58620,29958,30578,30902,247692,7740,15451,15451,31108,31315,-1,-1,-1,-1,-1,-1,-1,-1,-1,-1,-1,-1,-1,-1,-1,-1,-1,-1,-1,-1,-1,-1,-1,-1,-1,-1,-1,-1,-1,-1,-1,-1,-1,-1,-1,-1,-1,-1,-1,-1
72,-1,-1,-1,-1,-1,-1,-1,-1,-1,-1,-1,3708,3582,7040,3464,6782,6723,1721,6597,845,830,4287,1645,6243,6140,12001,11986,24415,49892,100846,51012,13360,13437,13513,35491,17765,13787,36244,14092,14214,55848,28130,56851,58797,60802,30843,30902,15421,15348,30666,62041,62453,-1,-1,-1,-1,-1,-1,-1,-1,-1,-1,-1,-1,-1,-1,-1,-1,-1,-1,-1,-1,-1,-1,-1,-1,-1,-1,-1,-1,-1,-1,-1,-1,-1,-1,-1,-1,-1,-1,-1,-1
73,-1,-1,-1,-1,-1,-1,-1,-1,-1,-1,7416,7320,7106,3501,3424,6737,1725,1710,1691,2181,4302,4277,6251,6140,3011,11794,23589,49125,50423,26416,26660,26782,26904,13543,13620,35531,35887,13879,36522,14184,27776,28101,28425,29074,29870,30283,30578,30578,30548,30637,62041,62453,-1,-1,-1,-1,-1,-1,-1,-1,-1,-1,-1,-1,-1,-1,-1,-1,-1,-1,-1,-1,-1,-1,-1,-1,-1,-1,-1,-1,-1,-1,-1,-1,-1,-1,-1,-1,-1,-1,-1,-1
74,-1,-1,-1,-1,-1,-1,-1,-1,-1,-1,3678,3630,3505,3464,3402,1733,1710,1691,4357,4322,4297,6317,6192,6059,2974,11706,47592,49774,101435,26568,26782,26874,26996,27179,27301,27423,27606,13879,14016,14108,55259,27924,28101,57264,58207,59269,59917,30165,30460,30607,61982,31226,-1,-1,-1,-1,-1,-1,-1,-1,-1,-1,-1,-1,-1,-1,-1,-1,-1,-1,-1,-1,-1,-1,-1,-1,-1,-1,-1,-1,-1,-1,-1,-1,-1,-1,-1,-1,-1,-1,-1,-1
75,-1,-1,-1,-1,-1,-1,-1,-1,-1,-1,7334,3612,3520,3453,3413,867,849,840,2166,3188,6325,6229,6089,5978,11750,11691,23737,50128,25535,26843,26996,27087,27148,27209,13681,13894,72489,72569,72886,14108,36800,55317,56025,28573,29015,59092,59505,59917,60507,61038,61628,62453,-1,-1,-1,-1,-1,-1,-1,-1,-1,-1,-1,-1,-1,-1,-1,-1,-1,-1,-1,-1,-1,-1,-1,-1,-1,-1,-1,-1,-1,-1,-1,-1,-1,-1,-1,-1,-1,-1,-1,-1
76,-1,-1,-1,-1,-1,-1,-1,-1,-1,-1,3667,3575,3490,3438,3420,870,854,2181,2158,3177,3158,6133,5993,2945,11558,11544,23412,23943,13314,27026,3382,3385,3389,6802,26450,13909,6954,3481,18201,36641,36800,55317,27688,56733,29103,29723,29811,60035,60448,60979,61392,-1,-1,-1,-1,-1,-1,-1,-1,-1,-1,-1,-1,-1,-1,-1,-1,-1,-1,-1,-1,-1,-1,-1,-1,-1,-1,-1,-1,-1,-1,-1,-1,-1,-1,-1,-1,-1,-1,-1,-1,-1
77,-1,-1,-1,-1,-1,-1,-1,-1,-1,3682,3649,3575,3490,3435,3413,3376,855,841,2166,2141,3158,3077,2956,2908,11470,22941,46294,48359,51956,26935,3359,3355,3363,3385,3412,3435,6916,6924,6993,3523,3542,7099,27688,55612,57087,58089,59800,60389,30194,30460,61805,-1,-1,-1,-1,-1,-1,-1,-1,-1,-1,-1,-1,-1,-1,-1,-1,-1,-1,-1,-1,-1,-1,-1,-1,-1,-1,-1,-1,-1,-1,-1,-1,-1,-1,-1,-1,-1,-1,-1,-1,-1
78,-1,-1,-1,-1,-1,-1,-1,-1,472738,473682,471323,470379,3604,3464,882,872,109326,108350,279807,276951,408102,3136,2933,2904,5727,11514,48005,96718,51779,6718,1668,3328,3321,3332,6703,6749,13665,6863,13803,13879,13925,14031,14306,55730,57676,118066,119482,29900,60153,60625,61333,-1,-1,-1,-1,-1,-1,-1,-1,-1,-1,-1,-1,-1,-1,-1,-1,-1,-1,-1,-1,-1,-1,-1,-1,-1,-1,-1,-1,-1,-1,-1,-1,-1,-1,-1,-1,-1,-1,-1,-1,-1
79,-1,-1,-1,-1,-1,-1,-1,-1,239200,239907,240615,478400,3700,3472,883,873,856,108350,280758,279172,411877,3162,378851,5845,5772,11323,47887,24002,49125,13269,6634,3302,3298,6611,6642,13467,13635,13742,13803,6954,7000,14214,28826,29161,115825,58856,59564,59800,60153,60566,61156,-1,-1,-1,-1,-1,-1,-1,-1,-1,-1,-1,-1,-1,-1,-1,-1,-1,-1,-1,-1,-1,-1,-1,-1,-1,-1,-1,-1,-1,-1,-1,-1,-1,-1,-1,-1,-1,-1,-1,-1,-1
80,-1,-1,-1,-1,-1,-1,-1,-1,-1,242266,3803,3755,3637,3497,883,876,110302,852,843,279172,413764,3191,5956,11647,2852,11175,47179,23825,48359,13086,6573,3275,3267,6573,6626,13482,13742,6871,6871,13848,36284,36958,14443,14641,57559,59092,119010,59859,60094,60566,61156,-1,-1,-1,-1,-1,-1,-1,-1,-1,-1,-1,-1,-1,-1,-1,-1,-1,-1,-1,-1,-1,-1,-1,-1,-1,-1,-1,-1,-1,-1,-1,-1,-1,-1,-1,-1,-1,-1,-1,-1,-1
81,-1,-1,-1,-1,-1,-1,-1,-1,-1,-1,3811,3744,467549,3549,892,112376,868,856,846,1679,6465,408574,3044,5661,2808,11116,46412,23796,23973,49833,25064,25064,25123,25241,6588,13421,6779,6810,6855,53489,36403,36958,37632,56910,58030,118302,59564,59917,60094,60625,61156,-1,-1,-1,-1,-1,-1,-1,-1,-1,-1,-1,-1,-1,-1,-1,-1,-1,-1,-1,-1,-1,-1,-1,-1,-1,-1,-1,-1,-1,-1,-1,-1,-1,-1,-1,-1,-1,-1,-1,-1,-1
82,-1,-1,-1,-1,-1,-1,-1,-1,-1,-1,487836,7533,7349,3553,890,877,868,858,848,1675,6413,6302,3044,2830,2797,11101,45705,47238,24032,12104,24503,24739,24887,25005,25300,17250,34817,8773,6855,6924,36403,14199,14489,57087,58089,59269,29811,59976,60153,60566,61097,-1,-1,-1,-1,-1,-1,-1,-1,-1,-1,-1,-1,-1,-1,-1,-1,-1,-1,-1,-1,-1,-1,-1,-1,-1,-1,-1,-1,-1,-1,-1,-1,-1,-1,-1,-1,-1,-1,-1,-1,-1
83,-1,-1,-1,-1,-1,-1,-1,-1,-1,-1,7629,7578,3626,3464,3438,1752,1740,1715,1691,3225,6339,3110,2970,5624,5595,11101,45410,23235,11794,23737,24091,24326,24503,24798,25123,51248,13330,34777,13620,13803,14016,36998,56202,57323,58266,58974,59682,60035,60330,121369,61156,7615,-1,-1,-1,-1,-1,-1,-1,-1,-1,-1,-1,-1,-1,-1,-1,-1,-1,-1,-1,-1,-1,-1,-1,-1,-1,-1,-1,-1,-1,-1,-1,-1,-1,-1,-1,-1,-1,-1,-1,-1
84,-1,-1,-1,-1,-1,-1,-1,-1,-1,-1,7548,3737,3479,6892,6870,3409,1725,850,1673,6391,6310,3081,2956,5683,5573,11013,22262,45705,46117,46648,11942,24091,48476,49125,50600,102615,51661,26782,13635,13818,13940,54964,56143,57323,58266,58974,29900,60212,121251,122194,7666,7592,15008,-1,-1,-1,-1,-1,-1,-1,-1,-1,-1,-1,-1,-1,-1,-1,-1,-1,-1,-1,-1,-1,-1,-1,-1,-1,-1,-1,-1,-1,-1,-1,-1,-1,-1,-1,-1,-1,-1,-1
85,-1,-1,-1,-1,-1,-1,-1,-1,-1,-1,7445,3656,3490,6877,1773,874,855,840,832,6325,3107,386400,382625,2941,5514,10925,44525,45705,23000,46235,46530,48359,49243,100492,101789,102851,13452,54297,27392,13848,54020,55141,56438,57323,58030,58561,59859,60330,61038,123138,7696,15067,29782,-1,-1,-1,-1,-1,-1,-1,-1,-1,-1,-1,-1,-1,-1,-1,-1,-1,-1,-1,-1,-1,-1,-1,-1,-1,-1,-1,-1,-1,-1,-1,-1,-1,-1,-1,-1,-1,-1,-1
86,-1,-1,-1,-1,-1,-1,-1,-1,-1,7511,7386,3582,3479,1774,876,863,852,1679,1662,3166,3074,388287,3007,2926,2738,10866,44171,45410,23000,23117,46825,48359,49538,50717,26507,26782,27087,27362,27484,13894,54964,111815,113466,28661,57853,59092,60448,121487,122784,123728,3884,14787,14832,-1,-1,-1,-1,-1,-1,-1,-1,-1,-1,-1,-1,-1,-1,-1,-1,-1,-1,-1,-1,-1,-1,-1,-1,-1,-1,-1,-1,-1,-1,-1,-1,-1,-1,-1,-1,-1,-1,-1
87,-1,-1,-1,-1,-1,-1,-1,-1,-1,7475,3630,3527,3475,882,867,109936,855,1677,6383,6243,12192,6044,5993,2904,2734,10866,43876,44761,22646,46059,46825,48359,49833,50717,51366,52015,27148,13650,13726,13925,54610,55435,56379,57205,57500,58561,60448,30489,15348,7791,3881,7283,14610,7364,14596,-1,-1,-1,-1,-1,-1,-1,-1,-1,-1,-1,-1,-1,-1,-1,-1,-1,-1,-1,-1,-1,-1,-1,-1,-1,-1,-1,-1,-1,-1,-1,-1,-1,-1,-1,-1,-1
88,-1,-1,-1,-1,-1,-1,-1,-1,7541,7327,3571,6988,897,878,110912,1727,1712,834,6273,12178,6022,5993,5904,5661,11087,10851,21908,44525,46353,95538,95066,97543,24916,50717,51425,51838,52428,52782,53253,54197,27452,55907,113820,114528,28720,58797,60212,7607,7570,15126,7342,3626,7187,14492,14345,28985,-1,-1,-1,-1,-1,-1,-1,-1,-1,-1,-1,-1,-1,-1,-1,-1,-1,-1,-1,-1,-1,-1,-1,-1,-1,-1,-1,-1,-1,-1,-1,-1,-1,-1,-1,-1
89,-1,-1,-1,-1,-1,-1,-1,-1,3748,7158,14035,6951,891,1748,1729,1717,1704,6361,3114,5993,5978,2941,2830,2760,5425,10807,43994,44879,46235,23678,23825,48123,49715,12679,25712,25919,52369,53017,26656,53843,55259,56379,114646,28514,57382,58679,60271,7570,3719,7268,3634,7202,7165,7113,14183,28632,-1,-1,-1,-1,-1,-1,-1,-1,-1,-1,-1,-1,-1,-1,-1,-1,-1,-1,-1,-1,-1,-1,-1,-1,-1,-1,-1,-1,-1,-1,-1,-1,-1,-1,-1,-1
90,-1,-1,-1,-1,-1,-1,-1,-1,7423,3615,6914,6892,3402,869,1715,1700,841,3125,3051,5963,5904,2882,2786,2742,5396,10762,44053,44525,45233,46589,23884,24091,49243,24828,25329,13376,35213,6810,53194,53843,55317,56497,28455,14271,28691,58089,59446,3708,7275,7290,3619,7187,7121,14109,14021,14168,28573,-1,-1,-1,-1,-1,-1,-1,-1,-1,-1,-1,-1,-1,-1,-1,-1,-1,-1,-1,-1,-1,-1,-1,-1,-1,-1,-1,-1,-1,-1,-1,-1,-1,-1,-1
91,-1,-1,-1,-1,-1,-1,-1,-1,3711,3486,6870,3424,873,867,854,842,106397,3177,6066,5971,2930,5654,2775,2738,2694,10674,44053,44525,44997,45587,47061,47828,48771,24592,50246,13345,13498,35412,35768,13894,54964,56202,28278,14153,28573,28838,14596,29634,7275,7246,7216,7172,7054,13903,27776,13947,28366,28573,-1,-1,-1,-1,-1,-1,-1,-1,-1,-1,-1,-1,-1,-1,-1,-1,-1,-1,-1,-1,-1,-1,-1,-1,-1,-1,-1,-1,-1,-1,-1,-1,-1,-1
92,-1,-1,-1,-1,-1,-1,-1,7416,3619,3486,3435,6804,6759,868,854,1681,6413,6302,6030,5882,5757,5609,5506,5462,5366,10644,44171,22351,90230,46059,94005,23796,48241,49302,50482,6703,13559,27209,35768,13894,14214,27835,56084,56202,56733,57146,28750,58207,7283,7231,7187,3549,6958,13741,13800,13800,28101,28455,14301,-1,-1,-1,-1,-1,-1,-1,-1,-1,-1,-1,-1,-1,-1,-1,-1,-1,-1,-1,-1,-1,-1,-1,-1,-1,-1,-1,-1,-1,-1,-1,-1,-1
93,-1,-1,-1,-1,-1,-1,-1,3601,3490,3446,6841,3402,3365,1725,1696,1673,6376,3103,5897,2867,5624,5536,5447,5381,10630,21112,43935,5795,22675,22941,23294,23707,24091,24533,24946,25801,13665,55029,27789,28002,28124,55671,56084,28101,56733,56910,57323,28867,7246,7187,7113,3508,6907,6833,13667,13637,13917,28160,28248,28337,-1,-1,-1,-1,-1,-1,-1,-1,-1,-1,-1,-1,-1,-1,-1,-1,-1,-1,-1,-1,-1,-1,-1,-1,-1,-1,-1,-1,-1,-1,-1,-1
94,-1,-1,-1,-1,-1,-1,-1,3538,3461,3438,6841,1750,1740,862,836,1656,3125,6052,2956,5654,5580,5455,10733,2653,10482,21024,43523,11408,5811,22793,23088,11706,23648,24208,24503,51661,13726,6947,72965,28124,109220,55730,27983,56202,56733,28484,7135,14330,14345,7113,7032,3475,3431,6789,3496,13505,27187,55553,27924,14035,14153,-1,-1,-1,-1,-1,-1,-1,-1,-1,-1,-1,-1,-1,-1,-1,-1,-1,-1,-1,-1,-1,-1,-1,-1,-1,-1,-1,-1,-1,-1,-1
95,-1,-1,-1,-1,-1,-1,-1,3486,6907,3442,4600,1738,1712,1687,1672,828,3059,3015,2926,2801,2764,2698,5285,10526,10453,42107,43287,11301,11469,11606,45351,22764,46471,47533,49538,51130,6802,13848,18142,27157,27393,55612,27983,56202,56615,56969,3567,7091,7076,7047,6981,6914,1767,1748,3469,13401,26980,55141,27688,27776,27924,-1,-1,-1,-1,-1,-1,-1,-1,-1,-1,-1,-1,-1,-1,-1,-1,-1,-1,-1,-1,-1,-1,-1,-1,-1,-1,-1,-1,-1,-1,-1
96,-1,-1,-1,-1,-1,-1,3516,6936,6900,1776,883,1710,1687,1672,1652,6266,6118,3015,2900,5536,2753,2683,2639,10467,10467,42048,43228,11286,11423,11561,22616,22911,46648,48064,49597,50482,52251,6878,18043,13986,54610,27482,55966,56261,28278,14168,7099,14183,3505,6973,6914,6848,1752,1733,3443,13313,26774,14092,7092,27541,13844,13947,-1,-1,-1,-1,-1,-1,-1,-1,-1,-1,-1,-1,-1,-1,-1,-1,-1,-1,-1,-1,-1,-1,-1,-1,-1,-1,-1,-1,-1,-1
97,-1,-1,-1,-1,-1,-1,13932,6907,4619,1767,112254,1723,1677,1664,6347,6192,6044,5926,2900,2768,5455,2690,5263,5233,10467,21053,11164,5673,59403,44466,11606,46176,47061,48064,49774,25270,25919,13665,18003,6985,27128,27305,55907,28042,28130,7047,7047,14021,14021,3501,3420,6789,1734,1721,13254,26508,13833,6962,7031,3534,3546,13755,-1,-1,-1,-1,-1,-1,-1,-1,-1,-1,-1,-1,-1,-1,-1,-1,-1,-1,-1,-1,-1,-1,-1,-1,-1,-1,-1,-1,-1,-1
98,-1,-1,-1,-1,-1,6958,6900,6877,3523,1752,1738,856,1658,1645,3125,3040,2963,2933,2863,5550,2727,2664,2624,5219,10423,10844,28710,11316,29622,29860,11622,46059,23560,47887,49066,24916,51779,13543,13711,13879,27039,27393,55612,27924,14035,14021,13962,13903,6936,13858,6841,3394,860,1712,13195,3424,6878,26715,13970,3500,3504,7023,55082,-1,-1,-1,-1,-1,-1,-1,-1,-1,-1,-1,-1,-1,-1,-1,-1,-1,-1,-1,-1,-1,-1,-1,-1,-1,-1,-1,-1,-1
99,-1,-1,-1,-1,6973,6892,6848,1755,1742,1734,3431,848,824,812,3074,3011,2970,2922,2841,2771,2698,2664,2624,2609,10408,10813,28710,11301,29741,30058,60275,11713,47887,97071,97189,51366,103912,27057,13681,13726,53548,54610,27541,27658,13888,13844,13785,13726,13711,13637,6782,6730,1721,3309,13092,13559,3412,26597,26892,6947,6947,13986,54728,55730,-1,-1,-1,-1,-1,-1,-1,-1,-1,-1,-1,-1,-1,-1,-1,-1,-1,-1,-1,-1,-1,-1,-1,-1,-1,-1,-1,-1
100,-1,-1,-1,-1,3490,6848,878,1742,1731,1708,3374,107984,838,401969,6221,3029,5934,2919,2834,2782,2687,2661,2628,5219,6999,14018,11042,11347,44407,23091,15009,11713,47238,48653,24208,52015,6810,6832,27362,6863,26774,26980,13593,13682,13652,13608,13564,13534,13490,3469,13416,13313,1708,13151,13092,13107,6771,13225,26626,6909,26892,54138,54492,55200,-1,-1,-1,-1,-1,-1,-1,-1,-1,-1,-1,-1,-1,-1,-1,-1,-1,-1,-1,-1,-1,-1,-1,-1,-1,-1,-1,-1
101,-1,-1,-1,6966,3450,1763,876,1738,861,3280,3340,3351,1670,6339,3081,5963,5897,2893,5661,355733,2723,2657,5248,7009,6989,14018,11072,11377,22203,22292,22351,11835,47415,23884,24150,50600,6710,6794,3401,3416,6878,13372,13431,13387,13342,13254,13269,13210,3408,3412,3393,3382,3363,12915,12900,25919,26184,6733,13589,13772,53725,27069,27246,27452,-1,-1,-1,-1,-1,-1,-1,-1,-1,-1,-1,-1,-1,-1,-1,-1,-1,-1,-1,-1,-1,-1,-1,-1,-1,-1,-1,-1
102,-1,-1,-1,13814,888,1755,3485,867,857,844,1662,1662,1658,6243,3011,5904,5853,5705,5609,11028,2738,5300,10453,2680,13918,28036,11072,11240,44289,44525,11190,5856,23088,23471,23825,48653,50659,25978,3363,3370,3393,3408,3408,1691,3370,3351,3324,3328,3332,3324,3305,1641,3271,12605,12650,25565,25860,6733,6794,6871,13833,13909,54138,13637,27452,27600,13814,-1,-1,-1,-1,-1,-1,-1,-1,-1,-1,-1,-1,-1,-1,-1,-1,-1,-1,-1,-1,-1,-1,-1,-1,-1
103,-1,-1,6885,6848,1767,1753,3450,1725,855,840,833,1660,828,3085,11853,5867,2904,5624,11028,10895,2760,2635,10335,6929,6939,13978,11011,11164,11454,22262,5750,11576,45469,46648,6184,24208,49892,25300,25506,6619,3305,3317,3340,3332,3302,3290,3279,3263,3260,3248,3248,3229,3199,12355,24769,25093,25388,12841,26007,6871,6916,13909,13955,3492,7031,27364,27423,-1,-1,-1,-1,-1,-1,-1,-1,-1,-1,-1,-1,-1,-1,-1,-1,-1,-1,-1,-1,-1,-1,-1,-1,-1
104,-1,-1,3424,3409,1752,866,1710,1712,3397,1673,1664,1664,6369,3136,5845,5838,2886,2786,3653,7266,5425,1801,6909,2653,20552,27798,28472,11072,11377,5734,5750,5757,45351,11529,3035,6199,6344,6428,6489,3263,3267,1631,3267,12576,12517,3229,3214,3195,3191,3183,3172,3149,12104,24208,24385,49538,50010,12591,25476,6718,6916,6954,6977,6954,13970,14062,14169,-1,-1,-1,-1,-1,-1,-1,-1,-1,-1,-1,-1,-1,-1,-1,-1,-1,-1,-1,-1,-1,-1,-1,-1,-1
105,-1,-1,3424,3413,3379,861,1702,1689,3340,1660,1654,1647,6273,3066,5831,5786,2845,5499,3643,3593,5322,2616,6880,2646,20523,13879,28591,11118,22420,11362,29741,11515,11728,22557,45646,12079,23884,6306,6382,3210,3221,1605,3183,12222,12222,3160,3149,3130,12104,12089,12001,11942,11883,24002,24444,24680,16655,49774,50128,51012,13726,6939,6954,6954,54020,54610,55259,111343,56556,-1,-1,-1,-1,-1,-1,-1,-1,-1,-1,-1,-1,-1,-1,-1,-1,-1,-1,-1,-1,-1,-1,-1
106,-1,3427,884,3413,874,856,851,836,1652,1649,1637,6192,6081,2992,5794,5705,5536,10880,3608,3559,3514,1729,6820,10523,27520,10676,28551,5559,5582,11423,22969,2878,2897,22557,22823,5940,12079,12430,24297,3149,1578,3157,12089,12045,3107,11986,11927,11868,11853,11809,11750,11706,11691,11809,24238,24562,24798,24946,25064,25152,52605,26715,26803,53784,54020,54610,55259,55848,56379,-1,-1,-1,-1,-1,-1,-1,-1,-1,-1,-1,-1,-1,-1,-1,-1,-1,-1,-1,-1,-1,-1,-1
107,-1,6848,1769,883,873,856,850,106763,832,1643,3129,6059,5949,5867,5801,11131,10836,5359,2664,1767,1744,1717,6790,13661,27520,41164,42225,42874,11210,29662,14890,7445,2863,22292,22616,5940,6039,6161,1549,12030,12030,5934,3050,3046,11780,11735,3019,3008,11617,11558,11500,11485,11470,22941,23648,24297,24503,24769,24887,24975,50305,53076,26833,26980,54492,109928,110871,27924,28042,-1,-1,-1,-1,-1,-1,-1,-1,-1,-1,-1,-1,-1,-1,-1,-1,-1,-1,-1,-1,-1,-1,-1
108,-1,1769,1759,3500,869,859,850,834,830,6369,3077,5978,5875,5779,2863,2705,5359,5351,5300,5256,1737,1715,6810,27401,81974,41223,42284,42874,5582,5643,14811,7395,2840,5711,22380,5879,5986,3080,3099,6070,1521,3027,2985,2977,2981,2966,2955,2947,2943,2936,11323,11278,2901,22587,46235,23825,24150,24503,24769,24975,25034,52664,53489,53843,27039,54669,27541,27717,27865,-1,-1,-1,-1,-1,-1,-1,-1,-1,-1,-1,-1,-1,-1,-1,-1,-1,-1,-1,-1,-1,-1,-1
109,3546,881,1746,3473,1736,1719,850,1672,1660,3184,3029,2978,5831,2863,2804,5388,5359,5315,5263,5204,1725,6840,6810,27441,27639,41400,42048,42520,21466,2802,5635,2810,2802,5650,5719,5811,5917,1490,3004,3035,3042,1468,2936,2936,2928,5624,11249,2901,3762,2878,2867,2863,22085,44820,22675,46235,23648,24061,24533,24798,24916,52369,53371,53607,54138,54492,54728,55023,55612,-1,-1,-1,-1,-1,-1,-1,-1,-1,-1,-1,-1,-1,-1,-1,-1,-1,-1,-1,-1,-1,-1,-1
110,1761,1757,1740,1727,3454,3416,1691,1677,1649,3166,3029,2978,2904,2816,2782,5433,2672,2642,2616,2576,1712,6820,6820,27401,41105,20700,41871,21142,21348,5544,5582,5574,5574,11194,11301,11530,30494,3816,2905,2916,2936,2936,11175,5587,11160,11146,2871,7445,3707,2833,2825,2829,21967,22115,45174,45764,46530,47592,24326,24651,24769,52959,26715,53902,108512,54610,55259,223159,112287,112759,-1,-1,-1,-1,-1,-1,-1,-1,-1,-1,-1,-1,-1,-1,-1,-1,-1,-1,-1,-1,-1,-1
111,1753,3488,1729,857,1698,1691,844,1666,1635,3133,3007,2963,2904,360451,2793,2716,5292,2631,2609,2576,1715,3405,6810,6810,40928,41282,41694,42048,2733,2745,2764,5551,5582,11210,11286,11484,11637,2905,1437,2878,2886,2890,2890,2890,5696,1424,7375,7356,7336,7286,7276,2806,5643,5673,45174,22734,46117,47061,23914,24297,49597,50600,53312,27157,109456,110164,111225,112287,7017,14035,-1,-1,-1,-1,-1,-1,-1,-1,-1,-1,-1,-1,-1,-1,-1,-1,-1,-1,-1,-1,-1,-1
112,-1,3443,13298,3306,1692,1683,3355,829,6266,3092,6008,2952,370831,2856,2793,2720,2650,2624,334502,331200,220482,109606,6810,6810,40869,41223,41812,83861,2714,2718,2726,14335,5612,5627,7365,2859,7475,1433,1427,2829,2821,2829,2836,2840,2848,2848,1814,3628,7246,7227,2772,5559,5597,11286,44643,45233,45823,46707,47474,48417,49774,25300,52605,54079,27423,55259,27747,13962,13962,13917,-1,-1,-1,-1,-1,-1,-1,-1,-1,-1,-1,-1,-1,-1,-1,-1,-1,-1,-1,-1,-1,-1
113,-1,1706,8843,4421,1687,1675,3313,105543,6325,6133,5971,5853,5794,2856,2790,2720,2650,2624,5226,5182,6900,6840,6800,6800,27441,20552,41753,5226,1347,2695,7009,14196,11118,5627,7306,7336,7365,5681,1412,2798,10792,10762,2783,2787,2791,2791,2791,1814,1786,3568,2749,5536,43346,43935,88933,45410,46117,93533,23678,48417,24680,25093,52015,26715,27423,27511,6900,13829,13785,27570,-1,-1,-1,-1,-1,-1,-1,-1,-1,-1,-1,-1,-1,-1,-1,-1,-1,-1,-1,-1,-1,-1
114,-1,1694,1689,1685,1673,828,1645,1645,3158,3018,5890,5801,5720,5661,720,89681,693,1357,2613,2576,1710,6820,6790,6800,6820,41046,41576,2691,2680,13899,13918,10981,5528,7227,2779,2779,2791,2806,1397,2768,10689,5329,10630,10600,10615,10659,10674,7157,7147,7137,21142,42933,43582,88225,44584,45587,46059,23206,47002,47828,24444,24857,25182,52605,54256,27364,13711,13667,13637,13696,-1,-1,-1,-1,-1,-1,-1,-1,-1,-1,-1,-1,-1,-1,-1,-1,-1,-1,-1,-1,-1,-1
115,-1,3269,6487,3228,3206,6376,6347,6339,3144,2970,2922,5742,11323,2808,710,1387,1372,1351,1345,10305,6840,6790,6800,6800,10158,41105,20729,10335,13859,27758,10783,21810,11057,2756,2752,7147,7167,3598,3593,2730,2737,10571,10512,5248,10467,10482,10512,10541,14137,14156,21142,42992,43582,44053,22292,45410,45764,46235,46707,23678,48359,49302,50069,52428,26892,27128,27187,27157,13578,13608,-1,-1,-1,-1,-1,-1,-1,-1,-1,-1,-1,-1,-1,-1,-1,-1,-1,-1,-1,-1,-1,-1
116,-1,6546,6472,6420,3199,6361,6332,6310,3125,2967,2922,2860,5602,2797,2720,688,679,1342,667,2627,6771,6790,6800,6800,6820,40928,41223,6919,13859,10752,56310,21718,7128,2737,2733,14236,3564,3568,3539,1351,10467,10438,6999,2691,6969,6959,10379,10408,14057,14097,42461,42992,43582,21908,44289,45292,22852,23088,23206,47061,48005,24592,25034,51366,26450,26892,27039,13549,13534,27069,-1,-1,-1,-1,-1,-1,-1,-1,-1,-1,-1,-1,-1,-1,-1,-1,-1,-1,-1,-1,-1,-1
117,-1,3265,3217,6398,3191,6347,6317,6280,396307,3015,2922,2852,5595,2775,2705,2646,87119,673,661,3395,6751,6781,6790,6800,10143,40810,10630,2657,5338,14018,14037,1353,2711,2711,14117,2722,7098,1357,7018,5189,3474,6929,6929,2665,6919,6919,13839,2669,5361,41989,21260,21496,21732,21908,44289,22233,45469,45941,46353,46707,23560,48535,49833,50541,52369,26626,26892,26892,13460,26980,-1,-1,-1,-1,-1,-1,-1,-1,-1,-1,-1,-1,-1,-1,-1,-1,-1,-1,-1,-1,-1,-1
118,-1,2178,4317,4292,4282,4262,4233,1612,1574,2996,2919,2863,2812,2749,346297,171969,340164,2624,2561,2535,1309,2615,2611,2615,5246,40692,40987,40987,27639,27837,13998,2695,2688,13978,10798,1351,2703,1754,5189,1742,3454,6880,13780,13800,6890,6890,6909,6909,5338,41635,42225,21348,21584,43641,21997,11500,45469,22911,46294,11603,23501,24091,49656,25182,51779,26273,26597,26715,26744,26833,-1,-1,-1,-1,-1,-1,-1,-1,-1,-1,-1,-1,-1,-1,-1,-1,-1,-1,-1,-1,-1,-1
119,-1,4322,4307,8545,8515,4243,3129,3074,775,764,374133,368943,362810,356205,350543,348184,345825,2650,2565,163005,2543,2623,2619,6810,40692,40869,55120,27520,10615,10676,27877,5361,13938,28036,21596,1347,6999,672,5182,3474,1727,6860,13740,6880,6870,6870,6870,6880,10691,5376,10828,10935,11149,21732,5666,5719,5849,22911,23147,23000,46471,48241,24651,24975,51071,25948,26391,26538,26656,53489,-1,-1,-1,-1,-1,-1,-1,-1,-1,-1,-1,-1,-1,-1,-1,-1,-1,-1,-1,-1,-1,-1
120,-1,2151,4277,8466,4228,4218,6207,1578,1544,5882,5853,1485,5668,11042,2833,5455,2712,2653,2569,2546,10143,2623,6810,6820,40692,10584,5300,27520,27600,10661,1334,6959,13958,28075,674,5197,6979,5376,2598,667,1722,6850,27441,13720,6850,13681,10523,5277,10600,10783,56389,10996,5551,11194,5620,5658,22144,45587,22941,23000,23235,47415,49007,24798,25329,25653,52251,26420,26626,53666,-1,-1,-1,-1,-1,-1,-1,-1,-1,-1,-1,-1,-1,-1,-1,-1,-1,-1,-1,-1,-1,-1
121,-1,2151,2136,2106,4213,4183,6111,1551,1525,1508,1500,5646,2757,1399,1397,7246,1376,339220,2616,659,2619,6800,6800,6800,6820,40692,27560,27639,110875,10305,10320,13819,27877,10844,5211,2684,13938,20758,2594,2580,1722,3425,6850,27441,6850,6840,5269,10584,21291,10783,2707,5467,21407,5551,5574,5612,21938,44997,22675,22823,23147,47415,24091,49066,49715,50953,51602,26184,53194,53725,-1,-1,-1,-1,-1,-1,-1,-1,-1,-1,-1,-1,-1,-1,-1,-1,-1,-1,-1,-1,-1,-1
122,-1,3199,273779,135620,2109,3085,3018,766,753,5757,2852,5528,5440,1389,5351,1370,2726,2714,1764,659,2615,6790,6800,6810,10128,13641,27560,27679,6909,6890,6900,10630,10722,27996,672,2672,6959,20758,2594,330728,85045,3440,6850,6870,13720,6860,5284,5307,5330,41576,5383,2707,10541,21230,5521,5559,5620,22115,22380,22616,22941,23530,24091,24533,24651,50776,51248,52192,53135,26803,-1,-1,-1,-1,-1,-1,-1,-1,-1,-1,-1,-1,-1,-1,-1,-1,-1,-1,-1,-1,-1,-1
123,-1,3206,822,816,810,3077,3026,766,753,5742,5624,2768,5381,1380,1370,5248,2703,2695,673,660,2623,6810,6820,6820,20316,27362,27600,55358,3450,6870,2650,10645,27837,5383,672,1334,6939,5361,5175,1334,1326,1717,6820,6820,27362,2630,5269,40928,41105,20641,20729,10364,10408,20994,21142,5498,5551,11332,22115,22321,45351,46412,11898,24208,24651,50776,25683,52251,13151,26538,26833,-1,-1,-1,-1,-1,-1,-1,-1,-1,-1,-1,-1,-1,-1,-1,-1,-1,-1,-1,-1,-1
124,-1,-1,105299,1643,810,3077,3018,768,5823,2875,5573,2745,1376,1365,678,1344,6959,2676,85533,666,2627,2619,6820,6830,40692,21108,41105,41341,42644,1326,2653,13819,13839,10722,1342,2669,6919,41282,5160,665,1720,6840,6790,6810,6830,2627,10523,10569,5292,20523,20611,10305,10320,20817,20965,21053,42638,43110,43994,44820,45528,91882,23147,47769,24592,24916,51366,26125,25889,52369,53489,-1,-1,-1,-1,-1,-1,-1,-1,-1,-1,-1,-1,-1,-1,-1,-1,-1,-1,-1,-1,-1
125,-1,-1,1643,819,1609,6133,1561,768,1498,2856,5550,2727,1368,7038,1749,1742,3459,6909,2657,664,2623,10128,2623,6830,40751,10584,10676,83035,669,2653,2650,27600,10645,10691,671,1330,6919,5338,2572,663,660,3415,6800,6810,6820,13661,27362,27441,10569,40928,663,2646,40987,41223,41812,21053,42579,43169,43994,44643,45410,22793,46000,46943,48712,24739,50717,25683,25889,26184,26214,13283,-1,-1,-1,-1,-1,-1,-1,-1,-1,-1,-1,-1,-1,-1,-1,-1,-1,-1,-1,-1
126,-1,-1,1637,6295,6229,6059,1548,761,2897,2823,5514,2701,677,1345,2688,669,665,3435,6870,6860,6830,6820,6820,2627,10523,40928,10752,1345,668,2650,5300,10630,10676,21383,670,1330,6900,13839,5322,328369,1720,109448,6800,6800,6820,27362,54803,54962,55041,55041,6890,13720,40928,41223,41517,10844,10996,21466,10954,22174,22528,22823,46000,46884,48064,24562,25005,25270,25535,25889,13107,26007,-1,-1,-1,-1,-1,-1,-1,-1,-1,-1,-1,-1,-1,-1,-1,-1,-1,-1,-1,-1
127,-1,-1,1631,6258,3088,5971,5904,5838,2882,2823,713,88583,683,1342,2676,1336,665,2558,1707,1707,3415,6830,6820,2623,10143,40810,41400,1336,665,2646,10600,10661,5338,5338,668,1328,2642,13780,20552,2572,1720,657,6820,6810,13661,10554,21139,21169,21230,110400,55041,27481,27639,82564,41459,10813,28353,5498,21407,43876,44702,45705,23000,23206,47533,24091,12325,25034,25241,25447,25653,26007,-1,-1,-1,-1,-1,-1,-1,-1,-1,-1,-1,-1,-1,-1,-1,-1,-1,-1,-1,-1
128,-1,-1,6266,6192,3051,5926,5853,5772,5691,724,707,692,683,1737,1732,1729,1725,219848,109606,109606,109448,6810,6800,2615,2623,40869,41223,1328,2650,6880,13760,41105,5322,10661,1332,664,6840,13720,41046,5138,1722,2630,6820,6810,10569,21169,5284,10584,10630,85045,42461,110400,55437,55596,10737,10783,28194,10935,42579,43935,44879,45410,22852,23058,23383,23648,23855,49184,24946,25241,25447,51484,26214,-1,-1,-1,-1,-1,-1,-1,-1,-1,-1,-1,-1,-1,-1,-1,-1,-1,-1,-1
129,-1,-1,3103,3062,388287,2996,2908,2852,2816,718,702,2672,1772,1737,1732,1729,220800,84923,42644,42705,1727,3400,6781,2611,13661,27560,1330,6880,2634,5277,10569,40928,27679,27798,2583,2561,10158,27401,5284,5116,10187,2627,2623,5254,10569,2638,10569,10600,5315,85167,42522,42644,21383,55913,56151,83625,42107,85041,85630,44053,22410,22557,22705,22882,46117,46589,23560,48241,24621,25064,25329,25476,25830,-1,-1,-1,-1,-1,-1,-1,-1,-1,-1,-1,-1,-1,-1,-1,-1,-1,-1,-1
130,-1,-1,3099,3059,3022,2985,2904,2849,2801,715,701,690,226510,1752,1734,1729,220800,10737,21505,85777,1734,1702,1305,2619,27362,6890,6919,13720,13681,27481,81974,164656,55596,6969,223020,1732,3415,6830,27401,10187,10143,2619,2627,10554,2642,2638,5284,13760,27639,13839,111034,55675,55834,83625,84215,43681,21962,85276,21407,21584,44466,11190,2924,5910,5940,23176,23412,11927,12119,12310,12473,25270,25506,-1,-1,-1,-1,-1,-1,-1,-1,-1,-1,-1,-1,-1,-1,-1,-1,-1,-1,-1
131,-1,-1,-1,394892,3044,2985,374133,369887,2830,2775,90291,89315,687,225558,112620,43193,43071,21474,1338,2669,85045,110558,656,1311,10128,6830,27362,13720,27520,42827,43010,21474,3474,6919,6919,221117,109924,6830,6830,2623,2611,6800,10143,5254,10493,27322,27441,27520,10615,10645,10706,21474,21596,83743,2714,2722,2726,5467,5505,5551,5620,5650,5704,5765,5856,5917,5971,6001,3019,11750,23707,24238,24857,-1,-1,-1,-1,-1,-1,-1,-1,-1,-1,-1,-1,-1,-1,-1,-1,-1,-1,-1
132,-1,-1,-1,3099,3048,384041,2963,2897,2838,2779,90779,89803,88705,113572,1762,1345,1338,2672,666,85045,42522,664,42156,42095,2627,10143,6810,27481,27679,21535,21535,671,1729,1323,2642,6860,6850,6810,6810,2611,6781,6781,13601,27282,27322,27481,55120,55120,21230,41223,41400,20758,20847,20876,41812,7028,14077,10874,5460,2752,2791,5627,5673,5711,5795,5879,15445,15544,2985,5978,23294,47533,24267,24621,-1,-1,-1,-1,-1,-1,-1,-1,-1,-1,-1,-1,-1,-1,-1,-1,-1,-1
133,-1,-1,-1,400554,394892,389702,2996,2915,2856,2797,712,703,230634,1784,1767,1744,1734,1729,1732,110558,3459,328841,660,1710,6820,2611,6800,27401,10630,27956,5383,1742,665,660,2630,2619,6810,6790,6781,6781,6771,13601,27243,40633,40751,10661,165128,42644,110875,21322,41341,10350,10379,14037,14057,5399,10467,20965,10512,21083,5483,28987,5620,5658,5711,11576,15267,15425,15425,5948,5986,23471,23796,24061,24356,24651,-1,-1,-1,-1,-1,-1,-1,-1,-1,-1,-1,-1,-1,-1,-1,-1
134,-1,-1,-1,103835,398666,3074,3018,374605,368472,364225,727,90779,232220,229682,684,224607,166071,165600,222703,3464,3454,1722,219848,1712,6820,6790,2611,27401,27560,27758,13958,6959,85289,663,6830,2608,2604,6771,2604,6771,13621,27362,109606,109606,21139,27837,42949,111669,165836,165600,5160,10305,13879,2688,5391,20876,14018,28115,10453,20965,42166,28829,14533,5627,5681,5742,5803,7613,7643,7673,11470,23117,23383,23619,23884,12119,-1,-1,-1,-1,-1,-1,-1,-1,-1,-1,-1,-1,-1,-1,-1,-1
135,-1,-1,-1,-1,3133,3088,388287,2985,370831,367056,2830,713,699,1382,339692,335918,333559,2594,2583,2572,2565,84679,1720,1710,6790,6771,2611,10554,27560,27600,2669,3464,1332,662,2623,6790,6771,6761,6781,13621,10539,42522,42461,110400,21261,55437,10737,3489,5182,2583,5145,6909,13839,5330,10722,2688,5391,5406,20876,41930,42284,28710,14454,5597,5643,5696,5742,2886,2894,5818,5849,22793,15505,6032,6077,11853,24032,-1,-1,-1,-1,-1,-1,-1,-1,-1,-1,-1,-1,-1,-1,-1
136,-1,-1,-1,-1,401025,398195,393005,3015,2904,2867,2827,716,699,2661,337805,680,1752,223338,1739,221434,221117,110241,221117,663,3400,6790,6830,40810,27560,13780,3445,3450,3440,6850,2615,6781,6781,2611,13661,10554,21200,21261,6909,6909,5322,5338,13938,6959,3474,5152,5138,6900,20552,5322,2669,2672,13938,13978,41753,41930,42343,21932,7167,14414,14513,14672,7375,2844,11013,11087,22351,5833,15326,15505,6016,3023,11809,-1,-1,-1,-1,-1,-1,-1,-1,-1,-1,-1,-1,-1,-1,-1
137,-1,-1,-1,-1,3237,399138,3103,3029,2919,2875,2827,714,697,689,684,1767,224289,223972,223655,111827,111510,42705,21352,667,109448,6810,6830,10539,10584,27560,1722,1720,658,2619,6771,6771,6771,6810,27441,21108,10569,1325,6890,6890,10261,20582,3469,10305,10305,10291,2653,13780,27600,10276,13819,13819,27758,27956,10828,42166,10585,10600,14236,11011,28829,7246,5597,21702,10880,10925,22026,22262,5826,15287,15406,2977,5978,23442,-1,-1,-1,-1,-1,-1,-1,-1,-1,-1,-1,-1,-1,-1
138,-1,-1,-1,-1,1607,3114,3074,3022,2930,2886,2834,92000,704,693,87851,87363,43315,86387,43254,2699,86387,43010,42949,670,2554,6830,6820,10539,40928,27560,662,327425,2550,6820,2608,2604,2611,6820,10539,5277,13740,6870,6860,10202,5284,20552,13839,5123,2650,2650,6880,13780,13780,6890,13800,13819,27758,27956,41871,10512,10512,2722,2737,14315,14355,28789,2779,5589,10821,10807,21820,21967,22144,15068,15247,15306,15406,5978,-1,-1,-1,-1,-1,-1,-1,-1,-1,-1,-1,-1,-1,-1
139,-1,-1,-1,-1,1610,6199,3062,386400,2974,1490,1466,717,701,693,1372,1361,1353,3499,6989,6979,6989,2684,10364,669,660,6820,6830,10554,6880,6880,20493,663,2550,2623,6800,6810,2619,2623,6830,27362,6850,6840,10173,2630,2634,10217,20493,10217,2638,6860,13720,27481,27520,27520,27560,27758,55596,27956,7009,10438,7009,7018,5414,10966,11042,2768,1380,2775,5551,10718,10777,21791,22026,22144,15068,15207,15326,23000,-1,-1,-1,-1,-1,-1,-1,-1,-1,-1,-1,-1,-1,-1
140,-1,-1,-1,-1,805,3088,3044,776,766,1475,727,710,700,692,2646,677,3499,2676,1332,6929,6919,10305,5145,1328,2642,6800,6820,10539,10187,6850,10217,2650,2546,2623,6800,6810,2615,6800,6800,6820,13641,27322,10493,27243,27243,40633,40751,5269,27362,27401,27441,27560,55120,110241,55200,27798,3479,6949,2676,2676,13918,13938,41694,42284,21289,10659,10674,21260,5337,10644,10630,21584,21732,10939,22115,22351,15247,15425,-1,-1,-1,-1,-1,-1,-1,-1,-1,-1,-1,-1,-1,-1
141,-1,-1,-1,-1,809,3088,3044,775,762,733,717,708,89803,694,1777,1759,1744,1725,1722,1717,660,5108,5123,10202,655,3385,6790,2619,10143,10143,10158,40692,2630,2619,10114,6810,2615,2615,6800,6810,27362,109606,109448,54644,27282,27322,27362,27401,27441,110082,110400,55279,110558,110717,55358,6949,6939,5330,6929,13859,13879,10722,41694,42107,7108,10585,10600,7147,2668,1772,7068,42756,21525,21614,21820,44289,15128,15386,22941,-1,-1,-1,-1,-1,-1,-1,-1,-1,-1,-1,-1,-1
142,-1,-1,-1,-1,-1,3107,3044,775,97612,747,721,90901,704,694,686,1762,1747,221434,1725,1715,1715,1717,1715,1707,2524,1692,3385,6781,2619,10128,6810,10128,10128,2615,10114,2615,6790,6781,6800,2619,10569,42339,110082,109924,109765,109765,109924,110082,42522,21261,21261,2657,6919,6909,13819,3454,6909,13839,13819,27679,10676,10737,41694,10828,7048,7068,7078,7078,7108,7088,2718,21171,5536,43051,43405,43935,44584,5818,11323,22852,-1,-1,-1,-1,-1,-1,-1,-1,-1,-1,-1,-1
143,-1,-1,-1,-1,-1,-1,3059,778,763,747,721,711,1405,694,2650,225876,224607,112144,85533,42583,42583,110400,1717,1705,1697,1695,1690,3395,10128,10128,6800,6810,10114,10099,10099,10084,6781,6790,6810,2623,10569,5300,220800,42461,42400,42461,42522,42583,5138,2653,2650,13780,5300,13780,41046,10261,6890,27600,10645,21352,83035,83271,83389,2699,2699,14057,14057,3519,7048,7038,7018,10859,11072,21525,43287,43935,11072,2878,11131,11234,-1,-1,-1,-1,-1,-1,-1,-1,-1,-1,-1,-1
144,-1,-1,-1,-1,-1,-1,3070,3015,2959,748,722,1422,702,688,1363,1353,2699,674,85533,42644,85289,664,1715,218579,109448,1705,1690,1697,1309,2619,6800,6800,2615,2611,10084,2604,6781,6790,6820,13661,40751,40987,41046,221117,110400,10261,41223,2580,2565,5108,2638,5284,27520,10600,10261,2650,6890,10645,21383,21444,83271,83389,1345,2688,13978,7009,14057,7028,7018,14018,14018,41871,11042,14474,21643,43759,2836,10969,10954,22056,22262,-1,-1,-1,-1,-1,-1,-1,-1,-1,-1,-1
145,-1,-1,-1,-1,-1,-1,6096,3004,2937,95294,730,1416,697,688,679,1347,1344,671,666,5152,1729,1725,219848,42278,42400,109924,1692,1695,653,1307,2611,2615,6800,6781,6771,6761,10055,6781,13641,27362,81502,40987,41046,6909,6900,6890,27679,330256,667,2642,13700,10584,81974,2650,5292,27481,27520,41282,82918,83035,83153,3499,3489,10350,10364,20758,6999,13998,13978,27996,28115,10889,21932,42815,43405,707,701,5410,10821,21791,22026,22321,-1,-1,-1,-1,-1,-1,-1,-1,-1,-1
146,-1,-1,-1,-1,-1,-1,-1,2981,2919,743,729,699,693,686,1767,1752,1742,222703,111351,2576,221117,221117,42522,42644,21322,665,652,1695,1697,653,3405,6820,6810,6781,6761,6751,2604,10099,27362,27481,81738,81974,6890,10246,6890,13780,27679,13859,2576,6850,27441,20464,13760,5292,27520,27560,110558,82918,83153,20788,1344,3484,3474,10305,10305,41400,27877,27917,27956,10828,21779,21871,22054,86338,87046,5462,1403,2798,14434,11210,5658,14850,-1,-1,-1,-1,-1,-1,-1,-1,-1,-1
147,-1,-1,-1,-1,-1,-1,-1,-1,2919,2878,731,700,88705,88583,1777,1754,1742,111351,2602,330728,165600,165600,42827,21413,42827,671,42278,42095,109606,109448,109448,6830,2627,2619,6761,6771,2611,6810,27401,27600,110558,5108,6860,6860,13720,13760,2657,13859,2576,3425,10187,40810,10569,27520,27639,110875,55517,82800,41459,6979,3489,1739,1732,10291,10291,27837,27917,55834,10798,21718,21840,84923,85394,43287,10895,5433,2783,2760,7217,14434,29186,29463,14870,22380,-1,-1,-1,-1,-1,-1,-1,-1
148,-1,-1,-1,-1,-1,-1,-1,-1,2926,368943,735,90291,44901,89315,230000,87363,43254,43193,672,111193,10752,43071,1342,1340,10350,223020,85411,42583,42400,1319,2630,6830,2623,2619,6761,6771,2615,6820,27441,27639,3450,2558,2627,6830,27401,6860,20434,2650,2646,6860,13700,27441,27520,21230,21322,21413,82800,82918,1340,3479,3479,3469,6929,6919,13839,27877,13998,111827,21566,10844,10905,42402,21289,10718,10748,7187,7118,14216,14275,28868,5612,14593,29582,30018,-1,-1,-1,-1,-1,-1,-1,-1
149,-1,-1,-1,-1,-1,-1,-1,-1,375548,371774,366584,46671,90413,701,88827,228731,113413,43498,86631,112144,55913,672,670,1336,10305,6939,20670,330256,2572,1717,1707,3410,6810,2611,6751,2600,2611,6810,27362,27520,3445,10202,2627,5254,27362,6840,2634,5269,6850,13661,27401,27441,10691,42766,21413,83035,166307,5189,3479,3474,3469,6919,6900,13800,27639,10676,28036,112144,5391,10844,5444,7088,7118,7108,7068,14097,14117,28313,28432,5498,14454,29186,29582,5734,44820,-1,-1,-1,-1,-1,-1,-1
150,-1,-1,-1,-1,-1,-1,-1,-1,5890,5823,2875,2827,2742,1401,1801,1782,3539,1357,1349,3499,6989,2688,1340,1737,3454,1328,6929,2676,330728,85045,42339,656,3410,6790,6771,2600,6781,10114,6830,40810,1715,6830,6830,40692,6840,13661,27282,27362,13681,27362,10615,164656,55596,27798,41400,82800,5182,5182,10335,6939,6919,6890,6890,13800,27679,27837,55913,2688,6999,14057,14097,7058,7058,2711,5406,14077,28234,28313,28313,28432,28829,29186,11332,11469,5750,-1,-1,-1,-1,-1,-1,-1
151,-1,-1,-1,-1,-1,-1,-1,-1,-1,5757,1473,726,1414,2791,2756,684,681,1353,6989,3479,3469,6949,2669,6919,10276,3450,1325,2653,6900,6909,220800,42400,42217,3400,6771,2600,10069,10099,6810,27362,6840,6820,6810,5254,27282,27203,27243,27322,10539,42278,21261,41282,10350,13899,20700,6959,5353,1336,5138,10261,6890,13760,27520,27600,27798,55913,2676,2672,13918,27956,7009,7018,7018,7009,14037,14077,5429,5444,5444,10981,22084,11210,11332,22056,11500,-1,-1,-1,-1,-1,-1,-1
152,-1,-1,-1,-1,-1,-1,-1,-1,-1,-1,731,1433,709,1374,1368,1365,1361,1754,6959,668,1732,1729,1727,1725,5123,2565,660,1315,10173,2638,13780,13819,1720,42095,6781,2596,2596,2604,10099,10128,10143,6810,6820,10523,109448,54565,27282,10539,21169,21230,82210,41164,10291,20611,13879,10676,1338,668,2561,10217,13760,27520,27560,27718,55675,3479,2669,13879,27837,27917,3489,3489,6969,13958,6999,5399,5422,5429,10920,11011,2764,14513,14632,21997,22174,-1,-1,-1,-1,-1,-1,-1
153,-1,-1,-1,-1,-1,-1,-1,-1,-1,-1,-1,711,701,1372,5278,3539,7038,1744,6949,222703,111827,1734,1727,1722,1722,1326,3435,2634,2623,10158,10539,10217,13780,1715,3415,2592,2589,2596,2604,2611,6800,6810,5254,10569,42278,42217,109765,21169,21261,82446,165128,55200,27639,41164,41282,10691,668,666,1722,6870,27560,42583,111034,55596,21413,3469,6919,20641,20700,13938,3484,6959,6949,27837,13938,27996,28075,10859,10920,5490,14295,28908,14553,43759,22085,-1,-1,-1,-1,-1,-1,-1
154,-1,-1,-1,-1,-1,-1,-1,-1,-1,-1,-1,708,700,1774,1762,1752,1744,1739,1334,27877,3494,6939,6909,84923,1326,663,1712,1707,3410,6830,6810,2627,40810,3430,1710,6800,2596,2596,6761,2608,6810,20316,10539,21139,84679,42278,110241,21261,21383,82800,331672,111034,164892,82564,82800,21413,1737,666,663,6880,27560,41164,27758,6949,3474,6929,6909,20611,10320,20700,13918,6949,13899,27798,27877,28036,21627,21688,10859,28393,28472,28710,43287,43582,44230,-1,-1,-1,-1,-1,-1,-1
155,-1,-1,-1,-1,-1,-1,-1,-1,-1,-1,-1,712,89803,689,679,86387,1749,1739,1734,3469,1737,1725,220800,3450,1326,662,219213,109606,42095,3410,6810,6830,2627,2543,2627,6820,6771,2596,6761,6781,2623,40751,21139,21200,81856,42339,21200,10676,82918,3479,6939,6949,166307,166307,83035,85899,85655,85411,665,3440,40987,41164,20641,1729,1727,6880,6880,27600,20552,10661,27798,13879,27798,27877,55834,10813,21749,21688,7058,14196,28551,42815,43228,43523,44053,14950,-1,-1,-1,-1,-1,-1
156,-1,-1,-1,-1,-1,-1,-1,-1,-1,-1,-1,91878,350072,89193,88095,43742,86997,43132,165600,1737,1729,220165,1725,1326,1722,219848,42339,42522,42461,42095,1309,6820,6830,2630,10128,10143,6771,6761,6771,2611,13621,27441,10615,21291,110717,164420,164892,82800,1742,1732,6900,41105,41635,5211,2688,2676,1737,221751,85289,110400,6870,41046,20582,1330,6909,6860,13740,27560,27639,10676,55517,27798,21444,21535,43193,21718,3529,7048,14077,28472,42638,21378,21555,21673,43817,44466,11683,-1,-1,-1,-1,-1
157,-1,-1,-1,-1,-1,-1,-1,-1,-1,-1,-1,-1,352902,702,88583,229048,87485,86631,166543,1742,1729,1722,1722,1725,220165,42400,42766,21413,85777,110400,109448,1311,6820,10143,2619,2611,6771,6771,10099,6810,27362,27520,82210,10291,20641,111193,82800,21474,5182,1732,6890,41105,41459,10364,2672,13879,13879,3469,3459,6900,10217,40987,41164,663,2642,13720,27481,27600,10706,21413,42827,21413,21474,21535,10813,14077,7038,7018,14057,42284,42461,42579,42874,43464,43994,44643,90112,-1,-1,-1,-1,-1
158,-1,-1,-1,-1,-1,-1,-1,-1,-1,-1,-1,-1,-1,2727,88705,690,228096,679,1752,222703,222069,110875,42644,85167,42583,42705,21444,2676,2672,220800,42339,162769,6810,6790,6790,2611,6771,2604,6800,13661,27481,55200,55120,6890,27639,13899,27877,1344,2591,3454,6900,10276,10276,10261,5300,10645,13859,3464,2657,6880,10232,41046,5138,2653,13720,27401,10569,10615,10706,1338,2676,5353,5368,5376,14018,7018,14018,14018,28155,28472,84923,42697,43169,87164,44053,44584,15088,-1,-1,-1,-1,-1
159,-1,-1,-1,-1,-1,-1,-1,-1,-1,-1,-1,-1,-1,352902,705,88461,228731,682,1757,1342,1334,1332,6929,2661,6929,2669,2669,10276,10246,2646,6870,6840,2615,6771,2604,2604,6761,6771,6800,27362,27520,55120,27520,13740,27560,27798,27917,672,2580,3450,6880,10232,10217,13700,27560,27639,3459,664,6880,6870,10217,10615,2653,5284,27401,10554,10600,27798,21505,2676,2669,27798,27877,3489,6989,13978,13998,14037,28313,85159,85159,85630,43228,21791,43935,44407,22351,-1,-1,-1,-1,-1
160,-1,-1,-1,-1,-1,-1,-1,-1,-1,-1,-1,-1,-1,-1,-1,5344,5315,5270,2609,669,1330,1328,1325,10246,1326,2650,2646,5101,10187,10173,3415,6810,6771,6751,2604,2604,2604,6771,6800,27362,40928,13780,20493,27600,110717,55596,2676,669,2576,1722,3425,6840,6840,27481,10615,55358,1732,662,6870,6860,10217,20464,10569,27401,10523,10554,10661,21444,3494,6939,13879,13899,10722,1742,6959,27877,27956,42048,21901,57262,7167,14375,21496,14672,14791,22056,44761,45410,-1,-1,-1,-1
161,-1,-1,-1,-1,-1,-1,-1,-1,-1,-1,-1,-1,-1,-1,-1,1380,1365,1353,1342,1334,1729,1722,1720,1717,1717,1712,657,657,1707,1705,1707,3400,6771,6741,6751,6771,6781,6771,6810,27401,20434,13780,27560,27679,55596,21413,6939,13899,330256,221434,110082,6850,6840,10584,5315,13859,666,662,6850,10202,5292,10569,10569,10569,10569,10615,27798,55834,670,6909,41164,41341,27877,6969,13918,27917,41694,10874,14196,7118,14256,14295,42697,43110,43759,22056,44525,45292,-1,-1,-1,-1
162,-1,-1,-1,-1,-1,-1,-1,-1,-1,-1,-1,-1,-1,-1,-1,693,678,1747,1737,1729,221117,221117,164420,42461,219848,219531,109924,219531,109606,109448,109765,1710,6781,6741,6721,6761,6781,6790,6820,6830,27441,27560,13819,55358,27837,2583,6919,10691,331672,331200,2569,6860,2634,5269,10615,10661,665,2650,6860,6870,41046,164656,164892,42583,42583,21322,55517,2672,1734,6909,27679,41341,13918,13899,27837,41517,10828,21688,7068,14156,28432,28551,11042,42992,43582,44053,44584,45292,-1,-1,-1,-1
163,-1,-1,-1,-1,-1,-1,-1,-1,-1,-1,-1,-1,-1,-1,-1,-1,676,1744,222386,221751,111351,111351,165836,222703,110717,110400,110400,110241,110082,110082,1722,6820,6790,10040,2596,6771,6790,10114,6800,6810,27401,27520,27600,27679,27837,1336,2657,13879,5189,5167,10246,6850,13700,27441,10615,1328,2653,2646,6860,20464,41223,166071,42888,42766,111034,3464,2665,5145,10291,6909,13839,6939,13899,13899,41459,41694,56310,2711,14077,28313,5460,10996,11057,11103,11286,5711,11561,45174,45882,-1,-1,-1
164,-1,-1,-1,-1,-1,-1,-1,-1,-1,-1,-1,-1,-1,-1,-1,-1,-1,223338,112779,112620,56231,43132,43132,223972,222703,111193,110875,221117,110400,110558,1722,3405,6781,6771,6781,6800,10143,6800,6800,6810,27362,27520,27600,27718,3469,6919,5300,41282,2583,2569,10187,13700,27481,110082,21230,2653,1323,2638,13700,40869,41164,41459,3484,2669,1332,2665,2657,6909,6900,6900,20552,6909,13859,27798,27956,56151,7018,7009,7038,14097,10905,10981,11057,11103,11194,11439,11561,45351,45941,46412,-1,-1
165,-1,-1,-1,-1,-1,-1,-1,-1,-1,-1,-1,-1,-1,-1,-1,-1,-1,43620,56389,113255,3519,1351,6999,6999,3494,3484,6939,6919,110558,221117,1725,42095,1307,6771,6781,10143,10143,6810,6790,13641,27362,27520,27639,3459,10261,6880,20493,41400,3474,2569,6860,27481,21200,110558,1727,2646,13760,13740,27520,40987,41164,10691,1734,3454,6909,2653,10246,6890,13780,27560,41046,41046,41223,41400,27996,14037,6999,13958,27956,28194,28432,11011,22145,22176,11149,11393,11561,45469,46176,93061,-1,-1
166,-1,-1,-1,-1,-1,-1,-1,-1,-1,-1,-1,-1,-1,-1,-1,-1,-1,-1,168902,2722,1759,1747,3474,6959,3489,3464,10276,6900,10261,2653,84923,660,656,3405,2623,2623,10143,6800,6800,27362,13720,6880,20493,2650,5284,27481,40928,41223,2572,5116,6860,13740,10615,55279,1727,6870,13760,27600,42583,164892,21352,55437,1732,6900,6880,2642,6860,13780,27639,110717,55358,164656,82446,41341,41576,14018,13998,27917,27996,28234,10935,11011,11103,57817,22267,11377,5780,45528,46117,46589,-1,-1
167,-1,-1,-1,-1,-1,-1,-1,-1,-1,-1,-1,-1,-1,-1,-1,-1,-1,-1,-1,5226,7009,6989,6949,13859,1734,3445,6870,6860,10202,5284,2646,84679,42156,1710,6820,2619,2611,6781,6790,6820,27401,13700,27481,13740,27441,40869,41046,5145,5130,10217,6850,13720,10615,1727,1722,6860,27520,10630,10676,21383,1332,1332,665,2650,10202,6850,6860,27639,82564,165364,165364,165364,82446,27798,41517,27996,28036,167015,43315,21871,21962,22115,57737,11118,11225,22572,11530,11744,46059,23235,-1,-1
168,-1,-1,-1,-1,-1,-1,-1,-1,-1,-1,-1,-1,-1,-1,-1,-1,-1,-1,-1,1747,3479,3469,6919,3464,1734,1717,2543,1710,3420,27401,5093,6850,10173,6830,6800,6781,2600,10055,6771,2615,13661,27401,27441,27481,27560,164420,82328,1727,1717,3420,6840,27481,2653,13819,1722,6860,10584,10630,10676,1734,3464,1330,6909,2642,2638,6860,6890,41164,20641,20670,10335,13899,111193,55755,83035,41694,20876,20906,41989,10935,14295,14375,14434,5582,5612,2821,5727,11683,45705,23088,-1,-1
169,-1,-1,-1,-1,-1,-1,-1,-1,-1,-1,-1,-1,-1,-1,-1,-1,-1,-1,-1,-1,669,2576,2569,3454,220800,1722,1710,1710,1710,1710,1710,1707,3410,10128,6790,10055,2596,10025,10055,2611,10523,10584,110558,110875,111034,82564,82564,1729,2558,163005,3420,27441,2638,6880,13740,13720,10584,10645,55517,1734,1732,1727,2646,6870,6860,6870,13740,27560,27639,13859,20611,13879,13899,27877,13958,13978,13998,14037,7038,14156,28512,14315,14375,2775,5582,5589,11454,11683,22734,46059,-1,-1
170,-1,-1,-1,-1,-1,-1,-1,-1,-1,-1,-1,-1,-1,-1,-1,-1,-1,-1,-1,-1,3474,222069,110717,1727,1722,1720,1710,84191,27441,109765,84313,42156,42217,3415,6800,6771,6741,2589,6751,6781,27520,5322,21413,82918,82800,165364,331200,330256,328841,326954,163241,6830,2627,27401,5277,5284,21200,27679,27758,222069,1734,1727,6880,10202,10217,13720,27441,27481,27600,6909,13839,13859,27798,13899,27837,27877,41517,27996,28036,28274,28393,28512,14295,5513,28868,11194,11454,22439,45469,46000,46530,-1
171,-1,-1,-1,-1,-1,-1,-1,-1,-1,-1,-1,-1,-1,-1,-1,-1,-1,-1,-1,-1,6929,3459,221434,85167,42583,1727,42217,42217,21108,10615,42522,42522,220800,109765,6820,6781,2596,6721,6741,6781,27362,10645,10691,20670,10320,6939,20670,330728,2580,2561,2550,6820,6800,5246,10539,10600,55200,55358,27758,3469,1734,1727,10232,6870,13740,27481,27481,27520,27560,27560,27639,27718,10676,10691,10706,10722,41576,83389,10828,56786,56865,56944,28512,10996,11088,11210,11332,11606,11744,46000,46530,47120
172,-1,-1,-1,-1,-1,-1,-1,-1,-1,-1,-1,-1,-1,-1,-1,-1,-1,-1,-1,-1,27679,1725,85167,27798,222069,666,42278,42461,42522,21230,27639,1727,1722,1712,6820,6790,2600,6731,6751,13641,27441,27639,41223,2580,10305,13859,41282,2583,2580,2561,10187,6810,5246,10523,10600,55279,55358,21322,2669,6939,3464,2569,6880,13780,27600,42522,42644,42644,42644,42583,21322,21352,21352,10691,10706,10722,41635,41812,21718,28432,7118,14236,14256,28631,11088,11179,11332,11591,22675,46117,46707,94241
173,-1,-1,-1,-1,-1,-1,-1,-1,-1,-1,-1,-1,-1,-1,-1,-1,-1,-1,-1,-1,111034,85045,10661,10706,85655,668,42400,21261,1330,2661,2661,3454,1722,1710,2619,2608,6761,6741,2611,40751,41105,82564,82564,10320,10305,20641,20670,2583,2580,2561,5086,6830,10554,42522,55358,55437,3459,5145,10276,10276,10276,13800,13780,10600,10706,42827,21383,42766,85411,42644,82564,2672,2669,27877,55834,55834,83271,28115,28234,2722,7088,5467,5475,42638,11088,29067,11301,11530,5833,11911,23324,23560
174,-1,-1,-1,-1,-1,-1,-1,-1,-1,-1,-1,-1,-1,-1,-1,-1,-1,-1,-1,-1,85777,42827,111827,21535,43010,1742,110400,3454,3454,6890,6880,6880,3430,6840,2619,2608,2600,2604,2615,40869,20552,20611,5152,10291,6919,20611,20670,5167,2580,2561,1712,6840,40869,10645,1732,3454,1727,2561,6860,6850,27481,5300,10630,164892,21413,1739,1734,6929,5330,10676,82446,10661,13859,27917,55913,166307,83271,28115,28155,10482,2714,14156,5475,5513,11103,5574,11240,11362,11637,11789,23176,23471
175,-1,-1,-1,-1,-1,-1,-1,-1,-1,-1,-1,-1,-1,-1,-1,-1,-1,-1,-1,-1,-1,112462,56310,43254,1749,1742,42522,1326,661,1715,1712,658,658,1313,2615,6781,2600,2611,6810,10539,40987,41164,2569,10232,27560,20552,41282,1336,221751,1727,6830,2627,10554,27639,13859,3459,3454,1725,6850,6830,13700,27560,10676,82918,55834,1336,2669,5330,13859,55437,10661,27718,27758,27917,27956,41635,10423,10453,2707,14057,5406,10844,10905,11011,5536,5559,11194,11301,11576,45233,45882,-1
176,-1,-1,-1,-1,-1,-1,-1,-1,-1,-1,-1,-1,-1,-1,-1,-1,-1,-1,-1,-1,-1,-1,-1,-1,86021,85899,1737,663,1717,84435,42217,42217,84557,42217,1307,2608,2604,6790,6810,27401,27520,10246,20493,20464,40869,41046,41223,5152,2572,2561,6830,2623,10173,27600,13839,1729,3445,6870,2630,5254,27362,27560,10691,5345,1336,2665,6909,13839,27718,10661,10691,111193,55675,21474,1344,2688,10394,2688,2688,5391,20906,20935,10920,10981,11042,11118,11194,11286,11530,22498,45469,-1
177,-1,-1,-1,-1,-1,-1,-1,-1,-1,-1,-1,-1,-1,-1,-1,-1,-1,-1,-1,-1,-1,-1,-1,-1,-1,85899,1742,221434,110558,42522,42583,42583,42583,663,42095,2608,6790,6790,6810,27401,13700,40810,10232,13780,163948,82210,82328,5152,5138,2561,5079,2619,5254,10584,27718,1328,2646,2638,5277,10554,10569,27600,55358,1332,2661,6900,5307,10645,10676,42705,82682,42766,27917,55834,6969,6959,13899,41400,27837,10767,41753,42166,84805,85394,85866,86692,87164,87635,88343,44938,45351,-1
178,-1,-1,-1,-1,-1,-1,-1,-1,-1,-1,-1,-1,-1,-1,-1,-1,-1,-1,-1,-1,-1,-1,-1,-1,-1,-1,223338,222069,110717,42705,1334,2661,2657,1325,2634,6800,6800,6810,6810,6830,27401,10202,13700,27600,110558,55358,20582,3459,5130,326954,2546,20287,40633,27560,3459,663,2638,2638,10569,42400,21200,21230,41105,2572,2653,5300,10645,21352,82682,165600,82918,42888,55834,6979,6959,13918,10722,43010,43071,56072,56151,28274,28551,5528,28987,14612,14692,59086,22847,45115,-1,-1
179,-1,-1,-1,-1,-1,-1,-1,-1,-1,-1,-1,-1,-1,-1,-1,-1,-1,-1,-1,-1,-1,-1,-1,-1,-1,-1,-1,223020,111351,668,665,662,3440,1717,1313,6790,6800,6810,6820,6830,40692,13681,27401,41046,27600,5130,5138,3450,10232,10187,10173,40751,42339,55200,664,2642,2630,2634,10584,10630,42583,164892,82328,10291,13800,27600,27679,41400,82918,5182,10350,5361,3484,6959,13918,13958,166779,21627,43376,43315,56310,56389,28432,28670,28868,29106,29344,29503,29781,45292,-1,-1
180,-1,-1,-1,-1,-1,-1,-1,-1,-1,-1,-1,-1,-1,-1,-1,-1,-1,-1,-1,-1,-1,-1,-1,-1,-1,-1,-1,-1,43010,1742,1732,84923,662,1715,1705,1305,6790,6810,2627,10158,10158,27362,20405,41046,5130,10261,2561,3440,10187,10173,20346,40928,55200,55358,664,2638,2627,6850,10584,10645,5330,1332,10291,5307,10615,41164,82564,10350,10350,10335,10320,5353,2676,13879,27798,27917,10783,10813,10859,43559,43559,113255,21932,22023,11088,11179,11301,5696,29979,45469,-1,-1
181,-1,-1,-1,-1,-1,-1,-1,-1,-1,-1,-1,-1,-1,-1,-1,-1,-1,-1,-1,-1,-1,-1,-1,-1,-1,-1,-1,-1,-1,-1,222703,111034,221434,662,42095,653,3395,2619,6820,10128,6810,13661,10569,27600,3450,3445,10246,2558,10158,20316,40810,81974,27679,1328,662,2634,2630,6850,10569,2653,5315,5315,5307,10600,10630,5330,1336,5152,10291,2657,5315,10676,5338,27758,27798,41694,83507,20906,41989,42284,43864,43925,22023,22084,22145,11149,11255,11377,29900,11622,-1,-1
182,-1,-1,-1,-1,-1,-1,-1,-1,-1,-1,-1,-1,-1,-1,-1,-1,-1,-1,-1,-1,-1,-1,-1,-1,-1,-1,-1,-1,-1,-1,-1,-1,1732,84923,1717,656,653,5057,10114,6800,6820,10539,81856,27679,5130,3440,10202,10187,10158,40810,81856,21261,21291,663,660,2634,2630,5269,10554,10539,10600,10615,10584,10569,10600,10645,2669,2657,13780,27600,10630,10661,10676,10661,27798,27996,13998,41753,28194,42284,42402,1372,7147,14335,14414,28948,29186,11332,11484,-1,-1,-1
183,-1,-1,-1,-1,-1,-1,-1,-1,-1,-1,-1,-1,-1,-1,-1,-1,-1,-1,-1,-1,-1,-1,-1,-1,-1,-1,-1,-1,-1,-1,-1,-1,-1,1722,660,109448,1707,2524,5034,6761,6800,40810,20493,3450,5116,10187,10158,10158,20316,40810,40928,27679,1729,1722,660,2638,5261,10523,10523,10523,41046,20552,21169,10569,10569,10615,10615,10600,10600,10630,21291,55517,82564,10661,27798,10722,10767,41753,41930,10585,10600,7137,14216,14295,28789,11149,11225,11393,23061,-1,-1,-1
184,-1,-1,-1,-1,-1,-1,-1,-1,-1,-1,-1,-1,-1,-1,-1,-1,-1,-1,-1,-1,-1,-1,-1,-1,-1,-1,-1,-1,-1,-1,-1,-1,-1,221434,85411,165128,164184,2532,2513,5020,6790,40692,10202,10232,10187,10128,6790,6820,40928,82210,21261,6909,6909,6880,13740,5277,10569,42278,42278,42339,21200,41341,165128,42583,42522,42583,42644,42705,42766,42766,42766,55675,166071,165836,166307,167015,21657,14097,7048,7038,14077,5422,28353,28512,11057,11194,22603,22939,23183,-1,-1,-1
185,-1,-1,-1,-1,-1,-1,-1,-1,-1,-1,-1,-1,-1,-1,-1,-1,-1,-1,-1,-1,-1,-1,-1,-1,-1,-1,-1,-1,-1,-1,-1,-1,-1,-1,5338,5160,2565,2532,2513,1687,5034,10128,10158,10158,10114,6800,6810,20316,40987,82210,2565,3435,2638,2630,5277,13720,10569,27600,110400,21200,21261,27837,222703,222069,42644,82564,165600,42949,166307,42888,1336,10350,10379,10394,20817,10423,10408,14037,14037,28075,28115,28194,10920,10996,22115,11194,11301,11484,11667,-1,-1,-1
186,-1,-1,-1,-1,-1,-1,-1,-1,-1,-1,-1,-1,-1,-1,-1,-1,-1,-1,-1,-1,-1,-1,-1,-1,-1,-1,-1,-1,-1,-1,-1,-1,-1,6890,13819,5138,2558,2539,2506,1680,2506,5042,10114,10114,10114,6800,13661,27481,82210,5145,663,1715,6830,13661,27362,27481,55041,55200,220800,110558,55358,27837,223020,222703,165364,165836,83035,10394,5197,5175,10335,10320,10335,20700,5376,5368,5361,41576,28075,28234,113096,56706,56944,21993,28868,11225,11332,11484,-1,-1,-1,-1
187,-1,-1,-1,-1,-1,-1,-1,-1,-1,-1,-1,-1,-1,-1,-1,-1,-1,-1,-1,-1,-1,-1,-1,-1,-1,-1,-1,-1,-1,-1,-1,-1,6860,6860,13760,662,2550,2532,1677,2491,2502,1690,3390,6781,6790,6810,27441,55120,55279,3450,1323,2634,2627,27362,27481,55041,55120,55200,13800,27639,10691,21413,10350,10350,20700,83035,5189,5175,5175,3469,6919,2657,5315,5338,5353,5361,27798,27956,28115,28472,114048,57024,22023,22115,11210,22603,22755,-1,-1,-1,-1,-1
188,-1,-1,-1,-1,-1,-1,-1,-1,-1,-1,-1,-1,-1,-1,-1,-1,-1,-1,-1,-1,-1,-1,-1,-1,-1,-1,-1,-1,-1,-1,-1,-1,6850,13700,13740,20464,2550,2535,1690,1690,1700,1697,1690,3370,6751,6810,10584,55200,1727,662,1317,3415,6830,6850,6880,13780,13780,13780,27600,10661,82682,2583,10320,2669,41400,10379,3484,5160,5152,6909,5277,10539,10584,10645,10691,10722,10737,28075,56389,28472,28591,114682,57579,57896,58769,22694,-1,-1,-1,-1,-1,-1
189,-1,-1,-1,-1,-1,-1,-1,-1,-1,-1,-1,-1,-1,-1,-1,-1,-1,-1,-1,-1,-1,-1,-1,-1,-1,-1,-1,-1,-1,-1,-1,10187,81266,10523,10539,1319,326482,162769,218579,109448,1707,652,649,1685,3370,6761,10569,13819,1732,662,1315,3410,2615,6810,6830,13720,13740,5307,5338,2676,10350,2680,10320,5338,13899,5167,6939,2657,2650,13720,10508,10523,10584,10645,10706,10752,112144,56231,28274,28512,14295,14335,28829,29067,58610,-1,-1,-1,-1,-1,-1,-1
190,-1,-1,-1,-1,-1,-1,-1,-1,-1,-1,-1,-1,-1,-1,-1,-1,-1,-1,-1,-1,-1,-1,-1,-1,-1,-1,-1,-1,-1,-1,-1,10508,20316,40692,40810,658,325538,326010,42217,42339,42217,1700,652,1695,1695,3400,2627,10630,667,84923,659,1702,2604,6771,6781,10493,5261,2646,2653,2657,2661,2657,2653,5330,10335,1737,1717,10202,5269,10508,10539,10615,42644,55596,21474,83271,56151,7028,14137,14216,28551,-1,-1,-1,-1,-1,-1,-1,-1,-1,-1,-1
191,-1,-1,-1,-1,-1,-1,-1,-1,-1,-1,-1,-1,-1,-1,-1,-1,-1,-1,-1,-1,-1,-1,-1,-1,-1,-1,-1,-1,-1,-1,-1,-1,13661,40692,40810,2634,162769,40751,10584,27718,221434,110082,1317,6860,6860,6850,2627,10615,5330,85289,662,1702,6751,2592,2600,10447,2619,6820,2627,2627,2623,2623,2627,5284,5292,2646,5284,5277,41046,163948,110558,55755,55993,112462,56151,83389,56072,7009,28155,28432,-1,-1,-1,-1,-1,-1,-1,-1,-1,-1,-1,-1
192,-1,-1,-1,-1,-1,-1,-1,-1,-1,-1,-1,-1,-1,-1,-1,-1,-1,-1,-1,-1,-1,-1,-1,-1,-1,-1,-1,-1,-1,-1,-1,-1,-1,54724,20346,40692,162769,10539,10645,21413,222703,1729,1710,6790,6781,6781,5239,10584,2657,1328,660,654,6771,6751,5200,10401,10386,10417,10417,10417,10401,27044,27005,10493,10523,10508,40751,40869,10615,111510,111510,56231,56548,21749,43376,112303,10423,-1,-1,-1,-1,-1,-1,-1,-1,-1,-1,-1,-1,-1,-1,-1
193,-1,-1,-1,-1,-1,-1,-1,-1,-1,-1,-1,-1,-1,-1,-1,-1,-1,-1,-1,-1,-1,-1,-1,-1,-1,-1,-1,-1,-1,-1,-1,-1,-1,-1,13681,40810,163241,42339,21291,10676,1734,1725,658,6781,6771,13621,10523,2638,5284,1319,1313,654,6761,13462,26925,27044,27124,27243,109448,163005,162769,162061,108972,54724,81738,42339,42522,111034,55675,55755,55755,10828,56389,-1,-1,-1,-1,-1,-1,-1,-1,-1,-1,-1,-1,-1,-1,-1,-1,-1,-1,-1
194,-1,-1,-1,-1,-1,-1,-1,-1,-1,-1,-1,-1,-1,-1,-1,-1,-1,-1,-1,-1,-1,-1,-1,-1,-1,-1,-1,-1,-1,-1,-1,-1,-1,-1,109765,-1,-1,-1,-1,-1,-1,1725,1712,3405,6810,27401,1315,1311,2630,2627,1309,2611,13502,26965,40220,40574,163948,164656,164656,110717,110875,111034,164184,81974,21352,42888,21474,55755,55913,111986,112144,83743,-1,-1,-1,-1,-1,-1,-1,-1,-1,-1,-1,-1,-1,-1,-1,-1,-1,-1,-1,-1
195,-1,-1,-1,-1,-1,-1,-1,-1,-1,-1,-1,-1,-1,-1,-1,-1,-1,-1,-1,-1,-1,-1,-1,-1,-1,-1,-1,-1,-1,-1,-1,-1,-1,-1,-1,-1,-1,-1,-1,-1,-1,1722,1712,654,3400,6830,1311,1307,10099,5223,653,3390,27163,161825,108972,54882,82446,55517,3464,6919,13839,222069,111034,111034,21474,55993,55993,43071,56072,-1,-1,-1,-1,-1,-1,-1,-1,-1,-1,-1,-1,-1,-1,-1,-1,-1,-1,-1,-1,-1,-1,-1
196,-1,-1,-1,-1,-1,-1,-1,-1,-1,-1,-1,-1,-1,-1,-1,-1,-1,-1,-1,-1,-1,-1,-1,-1,-1,-1,-1,-1,-1,-1,-1,-1,-1,-1,-1,-1,-1,-1,-1,-1,-1,1720,1712,654,1700,1705,3410,1305,10069,5223,1309,6800,13562,20169,27243,27401,27639,13839,2657,5307,27639,10691,42949,111510,21474,13978,20847,43193,112779,-1,-1,-1,-1,-1,-1,-1,-1,-1,-1,-1,-1,-1,-1,-1,-1,-1,-1,-1,-1,-1,-1,-1
197,-1,-1,-1,-1,-1,-1,-1,-1,-1,-1,-1,-1,-1,-1,-1,-1,-1,-1,-1,-1,-1,-1,-1,-1,-1,-1,-1,-1,-1,-1,-1,-1,-1,-1,-1,-1,-1,-1,-1,-1,-1,220800,219848,109448,42034,3410,1705,1692,3370,6781,6790,13502,27044,27124,40515,27322,27441,10615,10615,27600,10630,10691,1338,6959,10350,13958,41753,41930,-1,-1,-1,-1,-1,-1,-1,-1,-1,-1,-1,-1,-1,-1,-1,-1,-1,-1,-1,-1,-1,-1,-1,-1
198,-1,-1,-1,-1,-1,-1,-1,-1,-1,-1,-1,-1,-1,-1,-1,-1,-1,-1,-1,-1,-1,-1,-1,-1,-1,-1,-1,-1,-1,-1,-1,-1,-1,-1,-1,-1,-1,-1,-1,-1,-1,-1,220800,110082,658,1705,1700,1692,6741,6721,6711,27005,40515,163477,81620,81502,21108,27718,165600,42766,42705,21383,2672,5338,1334,41635,41930,-1,-1,-1,-1,-1,-1,-1,-1,-1,-1,-1,-1,-1,-1,-1,-1,-1,-1,-1,-1,-1,-1,-1,-1,-1
199,-1,-1,-1,-1,-1,-1,-1,-1,-1,-1,-1,-1,-1,-1,-1,-1,-1,-1,-1,-1,-1,-1,-1,-1,-1,-1,-1,-1,-1,-1,-1,-1,-1,-1,-1,-1,-1,-1,-1,-1,-1,-1,-1,1725,1715,656,3400,1692,6711,6721,6711,19785,27163,27600,110875,164420,164184,82328,20700,5353,1336,2669,5338,1334,41400,-1,-1,-1,-1,-1,-1,-1,-1,-1,-1,-1,-1,-1,-1,-1,-1,-1,-1,-1,-1,-1,-1,-1,-1,-1,-1,-1
200,-1,-1,-1,-1,-1,-1,-1,-1,-1,-1,-1,-1,-1,-1,-1,-1,-1,-1,-1,-1,-1,-1,-1,-1,-1,-1,-1,-1,-1,-1,-1,-1,-1,-1,-1,-1,-1,-1,-1,-1,-1,-1,-1,1725,3435,3415,1700,6751,6701,6681,13304,26608,27322,55279,55437,329784,110558,55120,41164,20641,20641,5330,10676,41341,-1,-1,-1,-1,-1,-1,-1,-1,-1,-1,-1,-1,-1,-1,-1,-1,-1,-1,-1,-1,-1,-1,-1,-1,-1,-1,-1,-1
201,-1,-1,-1,-1,-1,-1,-1,-1,-1,-1,-1,-1,-1,-1,-1,-1,-1,-1,-1,-1,-1,-1,-1,-1,-1,-1,-1,-1,-1,-1,-1,-1,-1,-1,-1,-1,-1,-1,-1,-1,-1,-1,-1,1725,1715,654,1692,6721,6691,13383,26965,160882,54644,27639,27758,1732,1727,110400,82092,41164,10661,41282,82800,-1,-1,-1,-1,-1,-1,-1,-1,-1,-1,-1,-1,-1,-1,-1,-1,-1,-1,-1,-1,-1,-1,-1,-1,-1,-1,-1,-1,-1
202,-1,-1,-1,-1,-1,-1,-1,-1,-1,-1,-1,-1,-1,-1,-1,-1,-1,-1,-1,-1,-1,-1,-1,-1,-1,-1,-1,-1,-1,-1,-1,-1,-1,-1,-1,-1,-1,-1,-1,-1,-1,-1,-1,3440,3425,654,1690,6721,13462,27124,162533,109448,54724,27600,27758,221751,111193,110717,110717,82446,82564,-1,-1,-1,-1,-1,-1,-1,-1,-1,-1,-1,-1,-1,-1,-1,-1,-1,-1,-1,-1,-1,-1,-1,-1,-1,-1,-1,-1,-1,-1,-1
203,-1,-1,-1,-1,-1,-1,-1,-1,-1,-1,-1,-1,-1,-1,-1,-1,-1,-1,-1,-1,-1,-1,-1,-1,-1,-1,-1,-1,-1,-1,-1,-1,-1,-1,-1,-1,-1,-1,-1,-1,-1,-1,3440,3420,3405,3395,6751,6731,27084,54565,81620,110082,109924,55200,27718,27798,1737,110717,41223,41400,165836,-1,-1,-1,-1,-1,-1,-1,-1,-1,-1,-1,-1,-1,-1,-1,-1,-1,-1,-1,-1,-1,-1,-1,-1,-1,-1,-1,-1,-1,-1,-1
204,-1,-1,-1,-1,-1,-1,-1,-1,-1,-1,-1,-1,-1,-1,-1,-1,-1,-1,-1,-1,-1,-1,-1,-1,-1,-1,-1,-1,-1,-1,-1,-1,-1,-1,-1,-1,-1,-1,-1,-1,-1,-1,659,1702,3395,1692,6731,6711,40161,40515,10600,55279,110241,55120,27798,21444,669,1732,82328,41400,-1,-1,-1,-1,-1,-1,-1,-1,-1,-1,-1,-1,-1,-1,-1,-1,-1,-1,-1,-1,-1,-1,-1,-1,-1,-1,-1,-1,-1,-1,-1,-1
205,-1,-1,-1,-1,-1,-1,-1,-1,-1,-1,-1,-1,-1,-1,-1,-1,-1,-1,-1,-1,-1,-1,-1,-1,-1,-1,-1,-1,-1,-1,-1,-1,-1,-1,-1,-1,-1,-1,-1,-1,-1,-1,-1,1309,3395,6761,6711,13423,40161,10493,10615,1729,110082,27639,27877,21566,670,221434,1330,41517,-1,-1,-1,-1,-1,-1,-1,-1,-1,-1,-1,-1,-1,-1,-1,-1,-1,-1,-1,-1,-1,-1,-1,-1,-1,-1,-1,-1,-1,-1,-1,-1
206,-1,-1,-1,-1,-1,-1,-1,-1,-1,-1,-1,-1,-1,-1,-1,-1,-1,-1,-1,-1,-1,-1,-1,-1,-1,-1,-1,-1,-1,-1,-1,-1,-1,-1,-1,-1,-1,-1,-1,-1,-1,-1,-1,2615,1695,6731,13462,27084,41912,21169,55437,221434,110558,55437,27956,672,669,3459,10661,-1,-1,-1,-1,-1,-1,-1,-1,-1,-1,-1,-1,-1,-1,-1,-1,-1,-1,-1,-1,-1,-1,-1,-1,-1,-1,-1,-1,-1,-1,-1,-1,-1
207,-1,-1,-1,-1,-1,-1,-1,-1,-1,-1,-1,-1,-1,-1,-1,-1,-1,-1,-1,-1,-1,-1,-1,-1,-1,-1,-1,-1,-1,-1,-1,-1,-1,-1,-1,-1,-1,-1,-1,-1,-1,-1,-1,3380,6761,13462,27163,81384,21139,21230,55437,13839,110717,27798,55834,85899,85777,111351,-1,-1,-1,-1,-1,-1,-1,-1,-1,-1,-1,-1,-1,-1,-1,-1,-1,-1,-1,-1,-1,-1,-1,-1,-1,-1,-1,-1,-1,-1,-1,-1,-1,-1
208,-1,-1,-1,-1,-1,-1,-1,-1,-1,-1,-1,-1,-1,-1,-1,-1,-1,-1,-1,-1,-1,-1,-1,-1,-1,-1,-1,-1,-1,-1,-1,-1,-1,-1,-1,-1,-1,-1,-1,-1,-1,-1,-1,3375,6701,13522,20316,81738,21139,27560,27639,10645,27718,55596,-1,-1,-1,-1,-1,-1,-1,-1,-1,-1,-1,-1,-1,-1,-1,-1,-1,-1,-1,-1,-1,-1,-1,-1,-1,-1,-1,-1,-1,-1,-1,-1,-1,-1,-1,-1,-1,-1
209,-1,-1,-1,-1,-1,-1,-1,-1,-1,-1,-1,-1,-1,-1,-1,-1,-1,-1,-1,-1,-1,-1,-1,-1,-1,-1,-1,-1,-1,-1,-1,-1,-1,-1,-1,-1,-1,-1,-1,-1,-1,-1,-1,-1,6622,40043,10493,27401,27520,27639,55279,27679,-1,-1,-1,-1,-1,-1,-1,-1,-1,-1,-1,-1,-1,-1,-1,-1,-1,-1,-1,-1,-1,-1,-1,-1,-1,-1,-1,-1,-1,-1,-1,-1,-1,-1,-1,-1,-1,-1,-1,-1
210,-1,-1,-1,-1,-1,-1,-1,-1,-1,-1,-1,-1,-1,-1,-1,-1,-1,-1,-1,-1,-1,-1,-1,-1,-1,-1,-1,-1,-1,-1,-1,-1,-1,-1,-1,-1,-1,-1,-1,-1,-1,-1,-1,-1,-1,-1,-1,-1,-1,21444,42766,-1,-1,-1,-1,-1,-1,-1,-1,-1,-1,-1,-1,-1,-1,-1,-1,-1,-1,-1,-1,-1,-1,-1,-1,-1,-1,-1,-1,-1,-1,-1,-1,-1,-1,-1,-1,-1,-1,-1,-1,-1
